62984,353775.84752694174,1875430.7218,1201.6259,_END
62983,353799.1328641362,1875430.7218,1201.9074,_PILE
62982,353826.2148122812,1875430.7218,1202.2391000000002,_PILE
62981,353857.09318295907,1875430.7218,1202.3279,_PILE
62980,353884.18452977994,1875430.7218,1202.2879,_PILE
62979,353915.0731,1875430.7218,1202.2879,_PILE
62977,353941.0397,1875430.7218,1202.2879,_MOTOR_PILE
62978,353974.5908,1875430.7218,1202.2879,_END
62992,353775.84507463814,1875453.1518,1201.9542,_END
62991,353799.13097554515,1875453.1518,1202.279,_PILE
62990,353826.2130372702,1875453.1518,1202.5592000000001,_PILE
62989,353857.0922793401,1875453.1518,1202.5802,_PILE
62988,353884.184502498,1875453.1518,1202.5702,_PILE
62987,353915.0731,1875453.1518,1202.5702,_PILE
62985,353941.0397,1875453.1518,1202.5702,_MOTOR_PILE
62986,353974.5908,1875453.1518,1202.5702,_END
63000,353775.8339524936,1875475.5818,1202.229,_END
62999,353799.1193741254,1875475.5818,1202.5174,_PILE
62998,353826.20134590735,1875475.5818,1202.5926,_PILE
62997,353857.0867260664,1875475.5818,1202.5926,_PILE
62996,353884.1832471708,1875475.5818,1202.5926,_PILE
62995,353915.0731,1875475.5818,1202.5926,_PILE
62993,353941.0397,1875475.5818,1202.5926,_MOTOR_PILE
62994,353974.5908,1875475.5818,1202.5926,_END
63008,353775.83334458864,1875498.0118,1202.6249,_END
63007,353799.1179663485,1875498.0118,1202.7533,_PILE
63006,353826.20193012117,1875498.0118,1202.7533,_PILE
63005,353857.0873894851,1875498.0118,1202.7533,_PILE
63004,353884.1832457535,1875498.0118,1202.7533,_PILE
63003,353915.0731,1875498.0118,1202.7533,_PILE
63001,353941.0397,1875498.0118,1202.7533,_MOTOR_PILE
63002,353974.5908,1875498.0118,1202.7533,_END
63019,354458.23817124695,1875139.1318,1209.7412,_END
63018,354481.53324045765,1875139.1318,1209.7412,_PILE
63017,354512.42194211535,1875139.1318,1209.7412,_PILE
63016,354539.51977576036,1875139.1318,1209.7412,_PILE
63015,354570.4103,1875139.1318,1209.7412,_PILE
63010,354596.3769,1875139.1318,1209.7412,_MOTOR_PILE
63009,354622.3434,1875139.1318,1209.7412,_PILE
63011,354653.23078657285,1875139.1318,1209.7412,_PILE
63012,354680.3202201987,1875139.1318,1209.7412,_PILE
63013,354711.1977284747,1875139.1318,1209.7412,_PILE
63014,354738.27743476036,1875139.1318,1209.7412,_PILE
63020,354761.569907241,1875139.1318,1209.7412,_END
63031,354458.2299235961,1875161.5618,1209.2316,_END
63030,354481.5318761679,1875161.5618,1209.2316,_PILE
63029,354512.4221338232,1875161.5618,1209.2316,_PILE
63028,354539.51990088425,1875161.5618,1209.2316,_PILE
63027,354570.4103,1875161.5618,1209.2316,_PILE
63022,354596.3769,1875161.5618,1209.2316,_MOTOR_PILE
63021,354622.3434,1875161.5618,1209.2316,_PILE
63023,354653.23328507424,1875161.5618,1209.2316,_PILE
63024,354680.32919552596,1875161.5618,1209.2316,_PILE
63025,354711.21739049704,1875161.5618,1209.2316,_PILE
63026,354738.31163943437,1875161.5618,1209.2316,_PILE
63032,354761.61609380174,1875161.5618,1209.2316,_END
63043,354458.22643563163,1875183.9918,1208.9211,_END
63042,354481.5316909791,1875183.9918,1208.9211,_PILE
63041,354512.42218888196,1875183.9918,1208.9211,_PILE
63040,354539.51995607524,1875183.9918,1208.9211,_PILE
63039,354570.4103,1875183.9918,1208.9211,_PILE
63034,354596.3769,1875183.9918,1208.9211,_MOTOR_PILE
63033,354622.3434,1875183.9918,1208.9211,_PILE
63035,354653.23370969156,1875183.9918,1208.9211,_PILE
63036,354680.3311755129,1875183.9918,1208.9211,_PILE
63037,354711.2215488561,1875183.9918,1208.9211,_PILE
63038,354738.319312302,1875183.9918,1208.9211,_PILE
63044,354761.6245113522,1875183.9918,1208.9211,_END
63055,354458.23014143633,1875206.4218,1208.551,_END
63054,354481.5361040541,1875206.4218,1208.551,_PILE
63053,354512.42529668467,1875206.4218,1208.551,_PILE
63052,354539.5207535153,1875206.4218,1208.551,_PILE
63051,354570.4103,1875206.4218,1208.551,_PILE
63046,354596.3769,1875206.4218,1208.551,_MOTOR_PILE
63045,354622.3434,1875206.4218,1208.551,_PILE
63047,354653.2340707627,1875206.4218,1208.551,_PILE
63048,354680.331664244,1875206.4218,1208.551,_PILE
63049,354711.22187859117,1875206.4218,1208.551,_PILE
63050,354738.3190088252,1875206.4218,1208.551,_PILE
63056,354761.6209700461,1875206.4218,1208.551,_END
63067,354458.22705860256,1875228.8518,1208.0165,_END
63066,354481.53510722227,1875228.8518,1208.0165,_PILE
63065,354512.42463391396,1875228.8518,1208.0165,_PILE
63064,354539.52045616484,1875228.8518,1208.0165,_PILE
63063,354570.4103,1875228.8518,1208.0165,_PILE
63058,354596.3769,1875228.8518,1208.0165,_MOTOR_PILE
63057,354622.3434,1875228.8518,1208.0165,_PILE
63059,354653.23395137495,1875228.8518,1208.0165,_PILE
63060,354680.33114767604,1875228.8518,1208.0165,_PILE
63061,354711.22120807355,1875228.8518,1208.0165,_PILE
63062,354738.317685714,1875228.8518,1208.0165,_PILE
63068,354761.61869014386,1875228.8518,1208.0165,_END
63079,354458.2404714144,1875251.2818,1207.3693,_END
63078,354481.54586418346,1875251.2818,1207.3693,_PILE
63077,354512.4307689312,1875251.2818,1207.3693,_PILE
63076,354539.5215722645,1875251.2818,1207.3693,_PILE
63075,354570.4103,1875251.2818,1207.3693,_PILE
63070,354596.3769,1875251.2818,1207.3693,_MOTOR_PILE
63069,354622.3434,1875251.2818,1207.3693,_PILE
63071,354653.23408700497,1875251.2818,1207.3693,_PILE
63072,354680.3302865702,1875251.2818,1207.3693,_PILE
63073,354711.21793013863,1875251.2818,1207.3693,_PILE
63074,354738.3105437246,1875251.2818,1207.3693,_PILE
63080,354761.6033793118,1875251.2818,1207.3693,_END
63091,354458.2650667541,1875273.7118,1206.7661,_END
63090,354481.5585980497,1875273.7118,1206.7661,_PILE
63089,354512.43929218757,1875273.7118,1206.7661,_PILE
63088,354539.52328759304,1875273.7118,1206.7661,_PILE
63087,354570.4103,1875273.7118,1206.7661,_PILE
63082,354596.3769,1875273.7118,1206.7661,_MOTOR_PILE
63081,354622.3434,1875273.7118,1206.7661,_PILE
63083,354653.2342016131,1875273.7118,1206.7661,_PILE
63084,354680.3321800774,1875273.7118,1206.7661,_PILE
63085,354711.21819120995,1875273.7118,1206.7661,_PILE
63086,354738.30544703535,1875273.7118,1206.7661,_PILE
63092,354761.5915854007,1875273.7118,1206.8912,_END
63103,354458.27980649495,1875296.1418,1206.2527,_END
63102,354481.5640555406,1875296.1418,1206.3358,_PILE
63101,354512.43973267666,1875296.1418,1206.1531,_PILE
63100,354539.52431700967,1875296.1418,1206.1431,_PILE
63099,354570.4103,1875296.1418,1206.1431,_PILE
63094,354596.3769,1875296.1418,1206.1431,_MOTOR_PILE
63093,354622.3434,1875296.1418,1206.1431,_PILE
63095,354653.23619682464,1875296.1418,1206.1431,_PILE
63096,354680.33285801986,1875296.1418,1206.1431,_PILE
63097,354711.21665238537,1875296.1418,1206.1431,_PILE
63098,354738.2982964353,1875296.1418,1206.2382,_PILE
63104,354761.5827578038,1875296.1418,1206.4343,_END
63115,354458.2632523381,1875318.5718,1206.0011,_END
63114,354481.55288011744,1875318.5718,1205.8114,_PILE
63113,354512.4369980608,1875318.5718,1205.2718999999997,_PILE
63112,354539.52527838905,1875318.5718,1205.0379,_PILE
63111,354570.4103,1875318.5718,1205.0779,_PILE
63106,354596.3769,1875318.5718,1205.0779,_MOTOR_PILE
63105,354622.3434,1875318.5718,1205.0779,_PILE
63107,354653.23403142847,1875318.5718,1205.0779,_PILE
63108,354680.33083788696,1875318.5718,1205.0779,_PILE
63109,354711.214583748,1875318.5718,1205.0339000000001,_PILE
63110,354738.2991298046,1875318.5718,1205.2584,_PILE
63116,354761.58733660483,1875318.5718,1205.6758,_END
63127,354458.2501876511,1875341.0018,1205.5151999999998,_END
63126,354481.5394894794,1875341.0018,1205.241,_PILE
63125,354512.4314350306,1875341.0018,1204.5787999999995,_PILE
63124,354539.5251116804,1875341.0018,1204.2537999999997,_PILE
63123,354570.4118782292,1875341.0018,1204.1888000000001,_PILE
63118,354596.3769,1875341.0018,1204.3388,_MOTOR_PILE
63117,354622.3434,1875341.0018,1204.3388,_PILE
63119,354653.2340129431,1875341.0018,1204.3388,_PILE
63120,354680.3309701191,1875341.0018,1204.3388,_PILE
63121,354711.21695176634,1875341.0018,1204.3168,_PILE
63122,354738.300733616,1875341.0018,1204.3999,_PILE
63128,354761.58626080025,1875341.0018,1204.6747,_END
63139,354458.26322867733,1875363.4318,1204.7988,_END
63138,354481.5505091113,1875363.4318,1204.3868,_PILE
63137,354512.4353505792,1875363.4318,1203.7646999999995,_PILE
63136,354539.5257054595,1875363.4318,1203.4666999999997,_PILE
63135,354570.4118765346,1875363.4318,1203.4297000000001,_PILE
63130,354596.3769,1875363.4318,1203.5997,_MOTOR_PILE
63129,354622.3434,1875363.4318,1203.5997,_PILE
63131,354653.23399308993,1875363.4318,1203.5997,_PILE
63132,354680.3307368,1875363.4318,1203.5997,_PILE
63133,354711.2144967824,1875363.4318,1203.5447000000001,_PILE
63134,354738.2978050441,1875363.4318,1203.6680999999999,_PILE
63140,354761.5845641997,1875363.4318,1203.9945,_END
63151,354458.2589168962,1875385.8618,1203.7951,_END
63150,354481.5463456529,1875385.8618,1203.3748,_PILE
63149,354512.4324170369,1875385.8618,1202.7945999999995,_PILE
63148,354539.52404490404,1875385.8618,1202.5325999999998,_PILE
63147,354570.41108286363,1875385.8618,1202.5416,_PILE
63142,354596.3769,1875385.8618,1202.6516,_MOTOR_PILE
63141,354622.3434,1875385.8618,1202.6516,_PILE
63143,354653.2339,1875385.8618,1202.6516,_PILE
63144,354680.32999233983,1875385.8618,1202.6516,_PILE
63145,354711.213868599,1875385.8618,1202.5966,_PILE
63146,354738.29877153307,1875385.8618,1202.7065999999998,_PILE
63152,354761.5862582644,1875385.8618,1203.0286,_END
63163,354458.2632424128,1875408.2918,1202.5335,_END
63162,354481.5525220775,1875408.2918,1202.0428,_PILE
63161,354512.4325439923,1875408.2918,1201.6895,_PILE
63160,354539.52180900157,1875408.2918,1201.6435000000001,_PILE
63159,354570.4103,1875408.2918,1201.7035,_PILE
63154,354596.3769,1875408.2918,1201.7035,_MOTOR_PILE
63153,354622.3434,1875408.2918,1201.7035,_PILE
63155,354653.23375960195,1875408.2918,1201.7035,_PILE
63156,354680.3290548454,1875408.2918,1201.7035,_PILE
63157,354711.21028824046,1875408.2918,1201.7035,_PILE
63158,354738.2926811755,1875408.2918,1201.9629,_PILE
63164,354761.5779667836,1875408.2918,1202.2401,_END
63175,354458.2629955447,1875430.7218,1201.8912,_END
63174,354481.55177392333,1875430.7218,1201.4348,_PILE
63173,354512.4315995585,1875430.7218,1201.1309999999999,_PILE
63172,354539.52132809337,1875430.7218,1201.128,_PILE
63171,354570.4103,1875430.7218,1201.158,_PILE
63166,354596.3769,1875430.7218,1201.158,_MOTOR_PILE
63165,354622.3434,1875430.7218,1201.158,_PILE
63167,354653.2339,1875430.7218,1201.158,_PILE
63168,354680.33062759833,1875430.7218,1201.158,_PILE
63169,354711.21583337977,1875430.7218,1201.125,_PILE
63170,354738.29937089334,1875430.7218,1201.2113,_PILE
63176,354761.58529417263,1875430.7218,1201.5047,_END
63187,354458.2627616841,1875453.1518,1201.249,_END
63186,354481.55106207763,1875453.1518,1200.8268999999998,_PILE
63185,354512.4307202346,1875453.1518,1200.5725,_PILE
63184,354539.5209058724,1875453.1518,1200.6125,_PILE
63183,354570.4103,1875453.1518,1200.6125,_PILE
63178,354596.3769,1875453.1518,1200.6125,_MOTOR_PILE
63177,354622.3434,1875453.1518,1200.6125,_PILE
63179,354653.23394107405,1875453.1518,1200.6125,_PILE
63180,354680.3314742129,1875453.1518,1200.6125,_PILE
63181,354711.22052789864,1875453.1518,1200.6125,_PILE
63182,354738.3121443157,1875453.1518,1200.6125,_PILE
63188,354761.5986910165,1875453.1518,1200.6257,_END
63199,354458.26524987246,1875475.5818,1201.0098,_END
63198,354481.55588590953,1875475.5818,1200.4388,_PILE
63197,354512.43637598155,1875475.5818,1199.9674999999997,_PILE
63196,354539.52388755133,1875475.5818,1199.7995,_PILE
63195,354570.4103,1875475.5818,1199.8795,_PILE
63190,354596.3769,1875475.5818,1199.8795,_MOTOR_PILE
63189,354622.3434,1875475.5818,1199.8795,_PILE
63191,354653.2338115732,1875475.5818,1199.8795,_PILE
63192,354680.3317084185,1875475.5818,1199.8795,_PILE
63193,354711.22191857174,1875475.5818,1199.8795,_PILE
63194,354738.31877263874,1875475.5818,1199.8795,_PILE
63200,354761.61969908833,1875475.5818,1199.8795,_END
63211,354458.26395317167,1875498.0118,1200.7706,_END
63210,354481.5573941294,1875498.0118,1200.0948,_PILE
63209,354512.4406041991,1875498.0118,1199.4193999999998,_PILE
63208,354539.5270973516,1875498.0118,1199.0973999999999,_PILE
63207,354570.41163316986,1875498.0118,1199.0364000000002,_PILE
63202,354596.3769,1875498.0118,1199.1464,_MOTOR_PILE
63201,354622.3434,1875498.0118,1199.1464,_PILE
63203,354653.2333512491,1875498.0118,1199.1464,_PILE
63204,354680.3311549416,1875498.0118,1199.1464,_PILE
63205,354711.22208204214,1875498.0118,1199.1464,_PILE
63206,354738.31733040564,1875498.0118,1199.1464,_PILE
63212,354761.61339021864,1875498.0118,1199.1464,_END
63223,354124.05147048406,1875139.1318,1200.744,_END
63222,354147.337267986,1875139.1318,1201.0613,_PILE
63221,354178.21789080364,1875139.1318,1201.6857,_PILE
63220,354205.3018281795,1875139.1318,1202.19,_PILE
63219,354236.18719491153,1875139.1318,1202.7050000000006,_PILE
63214,354262.1594,1875139.1318,1202.892,_MOTOR_PILE
63213,354288.136998408,1875139.1318,1203.2879999999989,_PILE
63215,354319.035774735,1875139.1318,1204.0533999999989,_PILE
63216,354346.1324917739,1875139.1318,1204.9944,_PILE
63217,354377.0205697719,1875139.1318,1205.9199,_PILE
63218,354404.111383376,1875139.1318,1206.7082,_PILE
63224,354427.405560041,1875139.1318,1207.4089,_END
63235,354124.05733870337,1875161.5618,1200.8757,_END
63234,354147.3417916714,1875161.5618,1201.0708,_PILE
63233,354178.2188553921,1875161.5618,1201.4832,_PILE
63232,354205.30470167566,1875161.5618,1202.0813,_PILE
63231,354236.1887498626,1875161.5618,1202.5248000000004,_PILE
63226,354262.1594,1875161.5618,1202.6678,_MOTOR_PILE
63225,354288.1375521369,1875161.5618,1203.0647999999987,_PILE
63227,354319.0347606434,1875161.5618,1203.8347999999955,_PILE
63228,354346.13406617043,1875161.5618,1204.7794,_PILE
63229,354377.0222841268,1875161.5618,1205.7087999999999,_PILE
63230,354404.1163926414,1875161.5618,1206.5932,_PILE
63236,354427.40654611384,1875161.5618,1207.1358,_END
63247,354124.06108980096,1875183.9918,1201.3002,_END
63246,354147.34636471234,1875183.9918,1201.5765,_PILE
63245,354178.2229722517,1875183.9918,1201.9532,_PILE
63244,354205.3060180645,1875183.9918,1202.4071,_PILE
63243,354236.19058269233,1875183.9918,1202.8171000000002,_PILE
63238,354262.1594,1875183.9918,1202.9051,_MOTOR_PILE
63237,354288.13201656146,1875183.9918,1203.191099999999,_PILE
63239,354319.029949672,1875183.9918,1203.8249999999969,_PILE
63240,354346.12415357947,1875183.9918,1204.6513,_PILE
63241,354377.01683658693,1875183.9918,1205.7195,_PILE
63242,354404.1071494617,1875183.9918,1206.4904,_PILE
63248,354427.3994587798,1875183.9918,1207.126,_END
63259,354124.0691227475,1875206.4218,1201.8776,_END
63258,354147.3532173284,1875206.4218,1202.0238,_PILE
63257,354178.22936822334,1875206.4218,1202.361,_PILE
63256,354205.3110875369,1875206.4218,1202.7273,_PILE
63255,354236.1928,1875206.4218,1203.028,_PILE
63250,354262.1594,1875206.4218,1203.028,_MOTOR_PILE
63249,354288.1318076791,1875206.4218,1203.2809999999993,_PILE
63251,354319.0258806715,1875206.4218,1203.880999999994,_PILE
63252,354346.1213669543,1875206.4218,1204.6781,_PILE
63253,354377.00827804377,1875206.4218,1205.5638,_PILE
63254,354404.1030541492,1875206.4218,1206.4782,_PILE
63260,354427.39518970286,1875206.4218,1207.1074,_END
63271,354123.99656072195,1875228.8518,1201.2082455,_END
63270,354147.30166261975,1875228.8518,1201.5578219999998,_PILE
63269,354178.19353904645,1875228.8518,1202.0211794999996,_PILE
63268,354205.2930034407,1875228.8518,1202.4276449999988,_PILE
63267,354236.18711936387,1875228.8518,1202.891001,_PILE
63262,354262.1594,1875228.8518,1203.2805,_MOTOR_PILE
63261,354288.1320352196,1875228.8518,1203.6479974999993,_PILE
63263,354319.0257091574,1875228.8518,1204.0343550000002,_PILE
63264,354346.1220485945,1875228.8518,1204.6408204999989,_PILE
63265,354377.01507088303,1875228.8518,1205.6028999999999,_PILE
63266,354404.10573656484,1875228.8518,1206.2561,_PILE
63272,354427.39864351996,1875228.8518,1206.5931999999998,_END
63283,354124.01164318173,1875251.2818,1202.2495473000001,_END
63282,354147.3142113214,1875251.2818,1202.4592932000003,_PILE
63281,354178.20298832917,1875251.2818,1202.7373077,_PILE
63280,354205.29850489285,1875251.2818,1202.9811869999996,_PILE
63279,354236.18977572344,1875251.2818,1203.2592006000002,_PILE
63274,354262.1594,1875251.2818,1203.4929,_MOTOR_PILE
63273,354288.1291071102,1875251.2818,1203.6715984999998,_PILE
63275,354319.01779076626,1875251.2818,1203.9826130000004,_PILE
63276,354346.10517475917,1875251.2818,1204.5192999999997,_PILE
63277,354376.9930140881,1875251.2818,1205.4098,_PILE
63278,354404.0776425118,1875251.2818,1205.9449,_PILE
63284,354427.36326258106,1875251.2818,1206.2489,_END
63295,354124.0053458065,1875273.7118,1202.6642473000002,_END
63294,354147.31021657423,1875273.7118,1202.8739932000003,_PILE
63293,354178.2009670091,1875273.7118,1203.1520077,_PILE
63292,354205.29854294285,1875273.7118,1203.3958869999997,_PILE
63291,354236.19067293446,1875273.7118,1203.6739006000003,_PILE
63286,354262.1594,1875273.7118,1203.9076,_MOTOR_PILE
63285,354288.12911208987,1875273.7118,1204.1302984999998,_PILE
63287,354319.01994339406,1875273.7118,1204.4083130000004,_PILE
63288,354346.1121962773,1875273.7118,1204.9088,_PILE
63289,354376.9995130136,1875273.7118,1205.6979000000001,_PILE
63290,354404.0835040061,1875273.7118,1206.1287,_PILE
63296,354427.37453728437,1875273.7118,1206.2932999999998,_END
63307,354124.0617606887,1875296.1418,1203.8187,_END
63306,354147.3459235661,1875296.1418,1203.9754,_PILE
63305,354178.2219415297,1875296.1418,1204.1754,_PILE
63304,354205.3070079577,1875296.1418,1204.1754,_PILE
63303,354236.1928,1875296.1418,1204.1754,_PILE
63298,354262.1594,1875296.1418,1204.1754,_MOTOR_PILE
63297,354288.12467231223,1875296.1418,1204.1094000000003,_PILE
63299,354319.00829704024,1875296.1418,1204.3296999999982,_PILE
63300,354346.094136701,1875296.1418,1204.7935,_PILE
63301,354376.9741234149,1875296.1418,1205.3908,_PILE
63302,354404.05573757435,1875296.1418,1205.7416,_PILE
63308,354427.33957271744,1875296.1418,1205.838,_END
63319,354124.06042895245,1875318.5718,1204.2056,_END
63318,354147.34495644283,1875318.5718,1204.4094,_PILE
63317,354178.2203489781,1875318.5718,1204.4881,_PILE
63316,354205.30658737104,1875318.5718,1204.4881,_PILE
63315,354236.1928,1875318.5718,1204.4881,_PILE
63310,354262.1594,1875318.5718,1204.4881,_MOTOR_PILE
63309,354288.1259,1875318.5718,1204.4881,_PILE
63311,354319.0131435708,1875318.5718,1204.4881,_PILE
63312,354346.09695518477,1875318.5718,1204.5687,_PILE
63313,354376.97269595985,1875318.5718,1204.8762,_PILE
63314,354404.0523509961,1875318.5718,1205.0064,_PILE
63320,354427.33730197867,1875318.5718,1205.2539,_END
63331,354124.0486230841,1875341.0018,1204.3565,_END
63330,354147.33465987374,1875341.0018,1204.6579000000002,_PILE
63329,354178.21145676216,1875341.0018,1204.7665,_PILE
63328,354205.30314123706,1875341.0018,1204.7365,_PILE
63327,354236.1928,1875341.0018,1204.7365,_PILE
63322,354262.1594,1875341.0018,1204.7365,_MOTOR_PILE
63321,354288.1259,1875341.0018,1204.7365,_PILE
63323,354319.0143085887,1875341.0018,1204.7365,_PILE
63324,354346.1048099368,1875341.0018,1204.7365,_PILE
63325,354376.9850786226,1875341.0018,1204.7365,_PILE
63326,354404.06814927404,1875341.0018,1204.7365,_PILE
63332,354427.3520082757,1875341.0018,1204.7378,_END
63343,354124.06417236174,1875363.4318,1204.6821,_END
63342,354147.34891641984,1875363.4318,1204.9093,_PILE
63341,354178.2251123633,1875363.4318,1205.2074,_PILE
63340,354205.3076236333,1875363.4318,1205.2284,_PILE
63339,354236.1928,1875363.4318,1205.2184,_PILE
63334,354262.1594,1875363.4318,1205.2184,_MOTOR_PILE
63333,354288.1259,1875363.4318,1205.2184,_PILE
63335,354319.01663095946,1875363.4318,1205.2184,_PILE
63336,354346.11408335814,1875363.4318,1205.2184,_PILE
63337,354377.0053320529,1875363.4318,1205.2184,_PILE
63338,354404.10297603096,1875363.4318,1205.2184,_PILE
63344,354427.4075585591,1875363.4318,1205.2184,_END
63355,354124.06001839606,1875385.8618,1205.1168,_END
63354,354147.3449023086,1875385.8618,1205.0179,_PILE
63353,354178.2197885098,1875385.8618,1205.1866,_PILE
63352,354205.30493981915,1875385.8618,1205.2577,_PILE
63351,354236.1928,1875385.8618,1205.2577,_PILE
63346,354262.1594,1875385.8618,1205.2577,_MOTOR_PILE
63345,354288.1259,1875385.8618,1205.2577,_PILE
63347,354319.01751295663,1875385.8618,1205.2577,_PILE
63348,354346.11447016016,1875385.8618,1205.2577,_PILE
63349,354377.00281160884,1875385.8618,1205.2577,_PILE
63350,354404.0991514879,1875385.8618,1205.2577,_PILE
63356,354427.40256895963,1875385.8618,1205.2577,_END
63367,354124.0564451263,1875408.2918,1205.2165,_END
63366,354147.34487319604,1875408.2918,1205.2165,_PILE
63365,354178.2208940201,1875408.2918,1205.2165,_PILE
63364,354205.3052445253,1875408.2918,1205.2165,_PILE
63363,354236.1928,1875408.2918,1205.2165,_PILE
63358,354262.1594,1875408.2918,1205.2165,_MOTOR_PILE
63357,354288.1259,1875408.2918,1205.2165,_PILE
63359,354319.0161622634,1875408.2918,1205.2165,_PILE
63360,354346.115960654,1875408.2918,1205.2165,_PILE
63361,354377.00111719413,1875408.2918,1205.2165,_PILE
63362,354404.0904498772,1875408.2918,1205.2165,_PILE
63368,354427.3852231564,1875408.2918,1205.2165,_END
63379,354124.03468154394,1875430.7218,1205.1222,_END
63378,354147.3285288586,1875430.7218,1205.1222,_PILE
63377,354178.21242933115,1875430.7218,1205.1222,_PILE
63376,354205.30544749595,1875430.7218,1205.1222,_PILE
63375,354236.1928,1875430.7218,1205.1222,_PILE
63370,354262.1594,1875430.7218,1205.1222,_MOTOR_PILE
63369,354288.1259,1875430.7218,1205.1222,_PILE
63371,354319.0155726296,1875430.7218,1205.1222,_PILE
63372,354346.11668109766,1875430.7218,1205.1222,_PILE
63373,354377.0025057107,1875430.7218,1205.1222,_PILE
63374,354404.08469298226,1875430.7218,1205.1222,_PILE
63380,354427.3684061316,1875430.7218,1205.1209,_END
63391,354124.011720278,1875453.1518,1204.8619,_END
63390,354147.31403545826,1875453.1518,1204.8619,_PILE
63389,354178.2042126879,1875453.1518,1204.8619,_PILE
63388,354205.3019022649,1875453.1518,1204.8619,_PILE
63387,354236.1928,1875453.1518,1204.8619,_PILE
63382,354262.1594,1875453.1518,1204.8619,_MOTOR_PILE
63381,354288.1259,1875453.1518,1204.8619,_PILE
63383,354319.0122405424,1875453.1518,1204.8619,_PILE
63384,354346.11197479366,1875453.1518,1204.8619,_PILE
63385,354377.0067369419,1875453.1518,1204.8619,_PILE
63386,354404.0913481129,1875453.1518,1204.8619,_PILE
63392,354427.3767759428,1875453.1518,1204.7196,_END
63403,354124.00889783073,1875475.5818,1204.1951,_END
63402,354147.314001186,1875475.5818,1204.1951,_PILE
63401,354178.2047000102,1875475.5818,1204.1951,_PILE
63400,354205.30239831854,1875475.5818,1204.1951,_PILE
63399,354236.1928,1875475.5818,1204.1951,_PILE
63394,354262.1594,1875475.5818,1204.1951,_MOTOR_PILE
63393,354288.1259,1875475.5818,1204.1951,_PILE
63395,354319.01430148556,1875475.5818,1204.1951,_PILE
63396,354346.1094097555,1875475.5818,1204.1951,_PILE
63397,354377.00294137443,1875475.5818,1204.1951,_PILE
63398,354404.0998166054,1875475.5818,1204.1951,_PILE
63404,354427.3915397982,1875475.5818,1204.1951,_END
63415,354124.00935151795,1875498.0118,1204.2002,_END
63414,354147.3143869766,1875498.0118,1204.2002,_PILE
63413,354178.2049418847,1875498.0118,1204.2002,_PILE
63412,354205.302573822,1875498.0118,1204.2002,_PILE
63411,354236.1928,1875498.0118,1204.2002,_PILE
63406,354262.1594,1875498.0118,1204.2002,_MOTOR_PILE
63405,354288.1259,1875498.0118,1204.2002,_PILE
63407,354319.0169671692,1875498.0118,1204.2002,_PILE
63408,354346.1155669893,1875498.0118,1204.2002,_PILE
63409,354377.00385480194,1875498.0118,1204.2702,_PILE
63410,354404.0911260948,1875498.0118,1204.0622000000003,_PILE
63416,354427.3797232724,1875498.0118,1203.6585,_END
63428,353775.85039747955,1875139.1318,1193.9528,_END
63422,353799.1354151884,1875139.1318,1194.2065,_PILE
63421,353826.2172062385,1875139.1318,1194.5487,_PILE
63420,353857.09482802794,1875139.1318,1194.9796,_PILE
63419,353884.1828452143,1875139.1318,1195.6261000000004,_PILE
63417,353915.0704553525,1875139.1318,1196.0548000000008,_PILE
63418,353941.0397,1875139.1318,1196.1728,_MOTOR_PILE
63423,353967.016050526,1875139.1318,1196.5497999999989,_PILE
63424,353997.91474826745,1875139.1318,1197.3012999999999,_PILE
63425,354025.0055706027,1875139.1318,1197.9399,_PILE
63426,354055.8850044649,1875139.1318,1198.3732000000005,_PILE
63427,354079.176711204,1875139.1318,1198.4682999999998,_END
63440,353775.85701975867,1875161.5618,1194.425,_END
63434,353799.14152636647,1875161.5618,1194.6264,_PILE
63433,353826.22395845165,1875161.5618,1195.0355,_PILE
63432,353857.10373055853,1875161.5618,1195.6216,_PILE
63431,353884.1856703866,1875161.5618,1195.9967,_PILE
63429,353915.0702453742,1875161.5618,1196.4157000000002,_PILE
63430,353941.0397,1875161.5618,1196.5257,_MOTOR_PILE
63435,353967.01175407454,1875161.5618,1196.7786999999992,_PILE
63436,353997.907570234,1875161.5618,1197.3803,_PILE
63437,354024.99343072396,1875161.5618,1197.9545,_PILE
63438,354055.8707934902,1875161.5618,1198.3163,_PILE
63439,354079.1554365317,1875161.5618,1198.4829,_END
63452,353775.8579776713,1875183.9918,1194.7667,_END
63446,353799.14280824445,1875183.9918,1195.0026,_PILE
63445,353826.22573447484,1875183.9918,1195.4432,_PILE
63444,353857.1056057157,1875183.9918,1196.0345,_PILE
63443,353884.1898959617,1875183.9918,1196.4092000000005,_PILE
63441,353915.07049020147,1875183.9918,1196.5315000000005,_PILE
63442,353941.0397,1875183.9918,1196.6325,_MOTOR_PILE
63447,353967.01795594784,1875183.9918,1196.9876999999985,_PILE
63448,353997.90953560633,1875183.9918,1197.7055,_PILE
63449,354024.9952434369,1875183.9918,1198.2927,_PILE
63450,354055.87188332726,1875183.9918,1198.6801,_PILE
63451,354079.1561278838,1875183.9918,1198.8485,_END
63464,353775.85038778797,1875206.4218,1195.232,_END
63458,353799.1366553296,1875206.4218,1195.5821,_PILE
63457,353826.21924031794,1875206.4218,1196.0012,_PILE
63456,353857.0988953706,1875206.4218,1196.5811,_PILE
63455,353884.1846967634,1875206.4218,1196.8267000000005,_PILE
63453,353915.0713693844,1875206.4218,1196.8027000000009,_PILE
63454,353941.0397,1875206.4218,1196.9697,_MOTOR_PILE
63459,353967.01845224196,1875206.4218,1197.3926999999983,_PILE
63460,353997.91867676296,1875206.4218,1198.2012,_PILE
63461,354025.0046252987,1875206.4218,1198.7994,_PILE
63462,354055.88124765543,1875206.4218,1199.1854,_PILE
63463,354079.16570146155,1875206.4218,1199.3806,_END
63476,353775.85157994874,1875228.8518,1196.018,_END
63470,353799.1399466233,1875228.8518,1196.4874,_PILE
63469,353826.2222250777,1875228.8518,1196.8862,_PILE
63468,353857.1013081943,1875228.8518,1197.4348,_PILE
63467,353884.18592082453,1875228.8518,1197.7517000000003,_PILE
63465,353915.0725490866,1875228.8518,1197.8177000000003,_PILE
63466,353941.0397,1875228.8518,1197.8727,_MOTOR_PILE
63471,353967.01150789723,1875228.8518,1198.1846999999987,_PILE
63472,353997.9159244814,1875228.8518,1198.8419999999999,_PILE
63473,354025.00339630514,1875228.8518,1199.4856,_PILE
63474,354055.8825150931,1875228.8518,1199.922,_PILE
63475,354079.17043079133,1875228.8518,1200.0185999999999,_END
63488,353775.86159695167,1875251.2818,1196.4978,_END
63482,353799.14961164957,1875251.2818,1196.9494,_PILE
63481,353826.23191666964,1875251.2818,1197.35,_PILE
63480,353857.1114559125,1875251.2818,1197.9237,_PILE
63479,353884.19324158627,1875251.2818,1198.2765,_PILE
63477,353915.0732998344,1875251.2818,1198.3939,_PILE
63478,353941.0397,1875251.2818,1198.3839,_MOTOR_PILE
63483,353967.0100132567,1875251.2818,1198.5928999999994,_PILE
63484,353997.90476381656,1875251.2818,1199.1221999999998,_PILE
63485,354025.00132683944,1875251.2818,1199.8481,_PILE
63486,354055.88423379324,1875251.2818,1200.3717000000001,_PILE
63487,354079.1754576986,1875251.2818,1200.5406999999998,_END
63500,353775.8606701664,1875273.7118,1197.0277,_END
63494,353799.1470256309,1875273.7118,1197.3836,_PILE
63493,353826.23002544354,1875273.7118,1197.8287,_PILE
63492,353857.10956282873,1875273.7118,1198.4023,_PILE
63491,353884.19266524573,1875273.7118,1198.8316,_PILE
63489,353915.0735280149,1875273.7118,1199.0254,_PILE
63490,353941.0397,1875273.7118,1199.0054,_MOTOR_PILE
63495,353967.00919450127,1875273.7118,1199.1373999999996,_PILE
63496,353997.89749813156,1875273.7118,1199.5935,_PILE
63497,354024.98269212834,1875273.7118,1200.1565,_PILE
63498,354055.8603371894,1875273.7118,1200.6171,_PILE
63499,354079.1461048173,1875273.7118,1200.9322,_END
63512,353775.858514803,1875296.1418,1197.7402,_END
63506,353799.14458328974,1875296.1418,1198.0768,_PILE
63505,353826.2291290613,1875296.1418,1198.6077,_PILE
63504,353857.1088066725,1875296.1418,1199.1888,_PILE
63503,353884.1917231484,1875296.1418,1199.6288,_PILE
63501,353915.0731,1875296.1418,1199.8405,_PILE
63502,353941.0397,1875296.1418,1199.8405,_MOTOR_PILE
63507,353967.0088737691,1875296.1418,1199.9504999999997,_PILE
63508,353997.895092016,1875296.1418,1200.3879,_PILE
63509,354024.97749246063,1875296.1418,1200.7949,_PILE
63510,354055.8547699883,1875296.1418,1201.0284999999997,_PILE
63511,354079.1434043892,1875296.1418,1201.423,_END
63524,353775.8621544611,1875318.5718,1198.3763,_END
63518,353799.150557486,1875318.5718,1198.8475,_PILE
63517,353826.2330046954,1875318.5718,1199.2576,_PILE
63516,353857.1118232352,1875318.5718,1199.7911,_PILE
63515,353884.1938538717,1875318.5718,1200.1727,_PILE
63513,353915.0731,1875318.5718,1200.3532,_PILE
63514,353941.0397,1875318.5718,1200.3532,_MOTOR_PILE
63519,353967.00932055654,1875318.5718,1200.5071999999996,_PILE
63520,353997.90041889,1875318.5718,1200.9816999999998,_PILE
63521,354024.98604460555,1875318.5718,1201.4051,_PILE
63522,354055.86524647346,1875318.5718,1201.5959,_PILE
63523,354079.1537454807,1875318.5718,1201.5178999999998,_END
63536,353775.86397551466,1875341.0018,1199.0623,_END
63530,353799.15075271245,1875341.0018,1199.4448,_PILE
63529,353826.2335101579,1875341.0018,1199.8749,_PILE
63528,353857.11153511616,1875341.0018,1200.3603,_PILE
63527,353884.19357703696,1875341.0018,1200.7207,_PILE
63525,353915.07350252016,1875341.0018,1200.8316,_PILE
63526,353941.0397,1875341.0018,1200.8116,_MOTOR_PILE
63531,353967.00854168093,1875341.0018,1200.9215999999997,_PILE
63532,353997.8970362949,1875341.0018,1201.3537999999999,_PILE
63533,354024.9811691627,1875341.0018,1201.7932,_PILE
63534,354055.8585416314,1875341.0018,1202.0143,_PILE
63535,354079.14469588705,1875341.0018,1201.9504,_END
63548,353775.8611044028,1875363.4318,1199.8156,_END
63542,353799.1468706777,1875363.4318,1200.1306,_PILE
63541,353826.22993320855,1875363.4318,1200.5795,_PILE
63540,353857.1079817831,1875363.4318,1201.0664,_PILE
63539,353884.19066028524,1875363.4318,1201.344,_PILE
63537,353915.0732442626,1875363.4318,1201.365,_PILE
63538,353941.0397,1875363.4318,1201.355,_MOTOR_PILE
63543,353967.00926011277,1875363.4318,1201.4979999999996,_PILE
63544,353997.89931975934,1875363.4318,1201.9713,_PILE
63545,354024.9826659583,1875363.4318,1202.407,_PILE
63546,354055.8596011341,1875363.4318,1202.6082999999999,_PILE
63547,354079.1433109641,1875363.4318,1202.5871,_END
63560,353775.86200509156,1875385.8618,1200.5849,_END
63554,353799.1480032643,1875385.8618,1200.9166,_PILE
63553,353826.23066608846,1875385.8618,1201.3407,_PILE
63552,353857.10772812896,1875385.8618,1201.7604,_PILE
63551,353884.1899261515,1875385.8618,1201.9298,_PILE
63549,353915.0731,1875385.8618,1201.9298,_PILE
63550,353941.0397,1875385.8618,1201.9298,_MOTOR_PILE
63555,353967.00846560503,1875385.8618,1202.0617999999995,_PILE
63556,353997.90070072404,1875385.8618,1202.5071999999998,_PILE
63557,354024.98716468766,1875385.8618,1202.9583,_PILE
63558,354055.8680973698,1875385.8618,1203.1728999999998,_PILE
63559,354079.15412457177,1875385.8618,1203.1056999999998,_END
63572,353775.8557426019,1875408.2918,1201.1062,_END
63566,353799.1421688254,1875408.2918,1201.4667,_PILE
63565,353826.2250464162,1875408.2918,1201.9043,_PILE
63564,353857.10214253946,1875408.2918,1202.2005,_PILE
63563,353884.18734881683,1875408.2918,1202.2005,_PILE
63561,353915.0731,1875408.2918,1202.2005,_PILE
63562,353941.0397,1875408.2918,1202.2005,_MOTOR_PILE
63567,353967.00726216997,1875408.2918,1202.2664999999997,_PILE
63568,353997.897241314,1875408.2918,1202.637,_PILE
63569,354024.98152391723,1875408.2918,1203.0643,_PILE
63570,354055.8594105029,1875408.2918,1203.2635,_PILE
63571,354079.1443160095,1875408.2918,1203.1827,_END
63583,353441.6197908552,1875139.1318,1190.322,_END
63582,353464.90577743965,1875139.1318,1190.322,_PILE
63581,353495.7837904479,1875139.1318,1190.322,_PILE
63580,353522.87093169906,1875139.1318,1190.322,_PILE
63579,353553.7578,1875139.1318,1190.322,_PILE
63574,353579.7244,1875139.1318,1190.322,_MOTOR_PILE
63573,353605.6909,1875139.1318,1190.322,_PILE
63575,353636.5742184101,1875139.1318,1190.322,_PILE
63576,353663.6571017518,1875139.1318,1190.5389,_PILE
63577,353694.5345281447,1875139.1318,1190.9846,_PILE
63578,353721.61475896346,1875139.1318,1191.204,_PILE
63584,353744.8999704253,1875139.1318,1191.4749,_END
63595,353441.6266560807,1875161.5618,1190.7334,_END
63594,353464.9109361462,1875161.5618,1190.7334,_PILE
63593,353495.7866551683,1875161.5618,1190.7334,_PILE
63592,353522.87288513593,1875161.5618,1190.7334,_PILE
63591,353553.7578,1875161.5618,1190.7334,_PILE
63586,353579.7244,1875161.5618,1190.7334,_MOTOR_PILE
63585,353605.6907841813,1875161.5618,1190.7224,_PILE
63587,353636.57585013594,1875161.5618,1190.7444,_PILE
63588,353663.6597577672,1875161.5618,1191.0289,_PILE
63589,353694.5369198965,1875161.5618,1191.4559,_PILE
63590,353721.61669811804,1875161.5618,1191.6096,_PILE
63596,353744.90219104436,1875161.5618,1191.9037,_END
63607,353441.59872350976,1875183.9918,1190.8999,_END
63606,353464.8940066222,1875183.9918,1190.8999,_PILE
63605,353495.7775578074,1875183.9918,1190.8999,_PILE
63604,353522.86937549483,1875183.9918,1190.8999,_PILE
63603,353553.7578,1875183.9918,1190.8999,_PILE
63598,353579.7244,1875183.9918,1190.8999,_MOTOR_PILE
63597,353605.6909,1875183.9918,1190.8999,_PILE
63599,353636.57531999296,1875183.9918,1190.8889,_PILE
63600,353663.6580168036,1875183.9918,1191.093,_PILE
63601,353694.53670326853,1875183.9918,1191.6078,_PILE
63602,353721.6181521529,1875183.9918,1191.9456,_PILE
63608,353744.90485911747,1875183.9918,1192.3238,_END
63619,353441.6119012451,1875206.4218,1191.5438,_END
63618,353464.90152805555,1875206.4218,1191.5438,_PILE
63617,353495.7797677898,1875206.4218,1191.5438,_PILE
63616,353522.870164327,1875206.4218,1191.5438,_PILE
63615,353553.7578,1875206.4218,1191.5438,_PILE
63610,353579.7244,1875206.4218,1191.5438,_MOTOR_PILE
63609,353605.6909,1875206.4218,1191.5438,_PILE
63611,353636.57691189443,1875206.4218,1191.4888,_PILE
63612,353663.66187248845,1875206.4218,1191.6217,_PILE
63613,353694.5400498498,1875206.4218,1192.0617,_PILE
63614,353721.6219730837,1875206.4218,1192.4356,_PILE
63620,353744.90788516315,1875206.4218,1192.7612,_END
63631,353441.6201986732,1875228.8518,1192.2154,_END
63630,353464.90417194174,1875228.8518,1192.2552,_PILE
63629,353495.7816739885,1875228.8518,1192.2552,_PILE
63628,353522.87048135576,1875228.8518,1192.2552,_PILE
63627,353553.7578,1875228.8518,1192.2552,_PILE
63622,353579.7244,1875228.8518,1192.2552,_MOTOR_PILE
63621,353605.6909,1875228.8518,1192.2552,_PILE
63623,353636.575526041,1875228.8518,1192.2442,_PILE
63624,353663.6578958985,1875228.8518,1192.2952,_PILE
63625,353694.5340284497,1875228.8518,1192.6288,_PILE
63626,353721.6172568813,1875228.8518,1193.0876,_PILE
63632,353744.9057452645,1875228.8518,1193.563,_END
63643,353441.62430667714,1875251.2818,1192.646,_END
63642,353464.90851140587,1875251.2818,1192.7254,_PILE
63641,353495.7855077478,1875251.2818,1192.7254,_PILE
63640,353522.87159814284,1875251.2818,1192.7254,_PILE
63639,353553.7578,1875251.2818,1192.7254,_PILE
63634,353579.7244,1875251.2818,1192.7254,_MOTOR_PILE
63633,353605.6909,1875251.2818,1192.7254,_PILE
63635,353636.5758250245,1875251.2818,1192.6704000000002,_PILE
63636,353663.6606948898,1875251.2818,1192.7803999999999,_PILE
63637,353694.5392629524,1875251.2818,1193.1936,_PILE
63638,353721.6218758553,1875251.2818,1193.6145,_PILE
63644,353744.90818869404,1875251.2818,1193.9676,_END
63655,353441.62881575647,1875273.7118,1193.3642,_END
63654,353464.91258299677,1875273.7118,1193.4093,_PILE
63653,353495.78805133037,1875273.7118,1193.4093,_PILE
63652,353522.87221983593,1875273.7118,1193.4093,_PILE
63651,353553.7578,1875273.7118,1193.4093,_PILE
63646,353579.7244,1875273.7118,1193.4093,_MOTOR_PILE
63645,353605.6909,1875273.7118,1193.4093,_PILE
63647,353636.5771913585,1875273.7118,1193.4093,_PILE
63648,353663.66156632226,1875273.7118,1193.4093,_PILE
63649,353694.5380276896,1875273.7118,1193.6828,_PILE
63650,353721.6198959939,1875273.7118,1194.0527,_PILE
63656,353744.9077721824,1875273.7118,1194.4971,_END
63667,353441.61836471414,1875296.1418,1193.9377,_END
63666,353464.9024996291,1875296.1418,1193.9377,_PILE
63665,353495.7810701169,1875296.1418,1193.9377,_PILE
63664,353522.8704771636,1875296.1418,1193.9377,_PILE
63663,353553.7578,1875296.1418,1193.9377,_PILE
63658,353579.7244,1875296.1418,1193.9377,_MOTOR_PILE
63657,353605.6909,1875296.1418,1193.9377,_PILE
63659,353636.57618318294,1875296.1418,1193.8937,_PILE
63660,353663.6604843561,1875296.1418,1193.9816999999998,_PILE
63661,353694.53840316745,1875296.1418,1194.3776,_PILE
63662,353721.6204535669,1875296.1418,1194.7606,_PILE
63668,353744.9093036427,1875296.1418,1195.2534,_END
63679,353441.6130326542,1875318.5718,1194.4656,_END
63678,353464.89795194246,1875318.5718,1194.6219,_PILE
63677,353495.77691724326,1875318.5718,1194.6219,_PILE
63676,353522.86930194264,1875318.5718,1194.6219,_PILE
63675,353553.7578,1875318.5718,1194.6219,_PILE
63670,353579.7244,1875318.5718,1194.6219,_MOTOR_PILE
63669,353605.6909,1875318.5718,1194.6219,_PILE
63671,353636.5748983268,1875318.5718,1194.5779000000002,_PILE
63672,353663.65849653166,1875318.5718,1194.6659,_PILE
63673,353694.5363213969,1875318.5718,1195.0545,_PILE
63674,353721.6182349755,1875318.5718,1195.4277,_PILE
63680,353744.90624192014,1875318.5718,1195.8789,_END
63691,353441.6130886303,1875341.0018,1195.0389,_END
63690,353464.8983082464,1875341.0018,1195.2352,_PILE
63689,353495.7763521198,1875341.0018,1195.2352,_PILE
63688,353522.8686232806,1875341.0018,1195.2352,_PILE
63687,353553.7578,1875341.0018,1195.2352,_PILE
63682,353579.7244,1875341.0018,1195.2352,_MOTOR_PILE
63681,353605.6909,1875341.0018,1195.2352,_PILE
63683,353636.575562964,1875341.0018,1195.2352,_PILE
63684,353663.6568498819,1875341.0018,1195.3471,_PILE
63685,353694.5339583244,1875341.0018,1195.7702,_PILE
63686,353721.6152650004,1875341.0018,1196.0964,_PILE
63692,353744.90141657816,1875341.0018,1196.4387,_END
63703,353441.60858426697,1875363.4318,1195.717,_END
63702,353464.8945441357,1875363.4318,1196.0020000000002,_PILE
63701,353495.7736308233,1875363.4318,1196.0896,_PILE
63700,353522.8675796505,1875363.4318,1196.0496,_PILE
63699,353553.7578,1875363.4318,1196.0496,_PILE
63694,353579.7244,1875363.4318,1196.0496,_MOTOR_PILE
63693,353605.6909,1875363.4318,1196.0496,_PILE
63695,353636.57601137104,1875363.4318,1196.0496,_PILE
63696,353663.65758675983,1875363.4318,1196.1918,_PILE
63697,353694.5347378363,1875363.4318,1196.618,_PILE
63698,353721.6160204957,1875363.4318,1196.9422,_PILE
63704,353744.90302845516,1875363.4318,1197.3385,_END
63715,353441.61091257003,1875385.8618,1196.2982,_END
63714,353464.89728793956,1875385.8618,1196.6554,_PILE
63713,353495.7754855918,1875385.8618,1196.837,_PILE
63712,353522.8677016342,1875385.8618,1196.837,_PILE
63711,353553.7578,1875385.8618,1196.837,_PILE
63706,353579.7244,1875385.8618,1196.837,_MOTOR_PILE
63705,353605.6909,1875385.8618,1196.837,_PILE
63707,353636.575424642,1875385.8618,1196.837,_PILE
63708,353663.65807568247,1875385.8618,1197.0352,_PILE
63709,353694.535797241,1875385.8618,1197.5009,_PILE
63710,353721.61752549256,1875385.8618,1197.8604,_PILE
63716,353744.90304249374,1875385.8618,1198.1564,_END
63727,353441.6163110844,1875408.2918,1196.8103,_END
63726,353464.9041910903,1875408.2918,1197.2329,_PILE
63725,353495.78178082284,1875408.2918,1197.5154,_PILE
63724,353522.8689541787,1875408.2918,1197.4954,_PILE
63723,353553.7578,1875408.2918,1197.4954,_PILE
63718,353579.7244,1875408.2918,1197.4954,_MOTOR_PILE
63717,353605.6909,1875408.2918,1197.4954,_PILE
63719,353636.57678128727,1875408.2918,1197.4954,_PILE
63720,353663.65854270797,1875408.2918,1197.5992,_PILE
63721,353694.53427850746,1875408.2918,1197.9062,_PILE
63722,353721.616139987,1875408.2918,1198.2756,_PILE
63728,353744.9024604128,1875408.2918,1198.6292,_END
63739,353441.61882432236,1875430.7218,1197.0784,_END
63738,353464.9068273928,1875430.7218,1197.5294,_PILE
63737,353495.7852340753,1875430.7218,1197.9403000000002,_PILE
63736,353522.87082062825,1875430.7218,1198.0453,_PILE
63735,353553.7578,1875430.7218,1197.9953,_PILE
63730,353579.7244,1875430.7218,1197.9953,_MOTOR_PILE
63729,353605.6909,1875430.7218,1197.9953,_PILE
63731,353636.5757281985,1875430.7218,1197.9953,_PILE
63732,353663.65665190003,1875430.7218,1198.1047,_PILE
63733,353694.5319202333,1875430.7218,1198.3604,_PILE
63734,353721.6134688103,1875430.7218,1198.7061,_PILE
63740,353744.90029878996,1875430.7218,1199.0918,_END
63751,353441.6186412954,1875453.1518,1197.7262,_END
63750,353464.9051533144,1875453.1518,1198.0922,_PILE
63749,353495.7851552681,1875453.1518,1198.5971000000002,_PILE
63748,353522.87101154216,1875453.1518,1198.7756,_PILE
63747,353553.7578,1875453.1518,1198.6956,_PILE
63742,353579.7244,1875453.1518,1198.6956,_MOTOR_PILE
63741,353605.6909,1875453.1518,1198.6956,_PILE
63743,353636.5769034158,1875453.1518,1198.6956,_PILE
63744,353663.6579878021,1875453.1518,1198.6956,_PILE
63745,353694.53359517426,1875453.1518,1198.9874,_PILE
63746,353721.6150892025,1875453.1518,1199.3288,_PILE
63752,353744.899798412,1875453.1518,1199.5524,_END
63763,353441.6226100042,1875475.5818,1198.2001,_END
63762,353464.90946820297,1875475.5818,1198.5875,_PILE
63761,353495.7884144651,1875475.5818,1199.1006,_PILE
63760,353522.8721439383,1875475.5818,1199.3019,_PILE
63759,353553.7578,1875475.5818,1199.2819,_PILE
63754,353579.7244,1875475.5818,1199.2819,_MOTOR_PILE
63753,353605.6909,1875475.5818,1199.2819,_PILE
63755,353636.5770781943,1875475.5818,1199.2819,_PILE
63756,353663.65773584694,1875475.5818,1199.2935,_PILE
63757,353694.53286652535,1875475.5818,1199.532,_PILE
63758,353721.61249429605,1875475.5818,1199.6564,_PILE
63764,353744.89698626177,1875475.5818,1199.8561,_END
63775,353441.6233160635,1875498.0118,1198.7862,_END
63774,353464.9131895498,1875498.0118,1199.3252,_PILE
63773,353495.7916501646,1875498.0118,1199.7875000000001,_PILE
63772,353522.87435879017,1875498.0118,1199.9488,_PILE
63771,353553.7578,1875498.0118,1199.9088,_PILE
63766,353579.7244,1875498.0118,1199.9088,_MOTOR_PILE
63765,353605.6909,1875498.0118,1199.9088,_PILE
63767,353636.5766194053,1875498.0118,1199.9088,_PILE
63768,353663.65740775515,1875498.0118,1199.9308,_PILE
63769,353694.53179376555,1875498.0118,1200.0352,_PILE
63770,353721.61121794203,1875498.0118,1200.1019,_PILE
63776,353744.895260112,1875498.0118,1200.2395,_END
63787,354124.0125042989,1875520.4418,1203.9489,_END
63786,354147.3175409146,1875520.4418,1203.9489,_PILE
63785,354178.2099392229,1875520.4418,1203.9489,_PILE
63784,354205.3042584496,1875520.4418,1203.9489,_PILE
63783,354236.1928,1875520.4418,1203.9489,_PILE
63778,354262.1594,1875520.4418,1203.9489,_MOTOR_PILE
63777,354288.1259,1875520.4418,1203.9489,_PILE
63779,354319.0170774693,1875520.4418,1203.9489,_PILE
63780,354346.1118328666,1875520.4418,1204.1089,_PILE
63781,354376.9968693926,1875520.4418,1204.0129000000004,_PILE
63782,354404.0854992666,1875520.4418,1203.6582000000005,_PILE
63788,354427.37770520017,1875520.4418,1203.1304,_END
63799,354124.0206311685,1875542.8718,1203.9369,_END
63798,354147.32413168345,1875542.8718,1203.9369,_PILE
63797,354178.21353158454,1875542.8718,1203.9369,_PILE
63796,354205.30620909453,1875542.8718,1203.9369,_PILE
63795,354236.1928,1875542.8718,1203.9369,_PILE
63790,354262.1594,1875542.8718,1203.9369,_MOTOR_PILE
63789,354288.1259,1875542.8718,1203.9369,_PILE
63791,354319.0152637385,1875542.8718,1204.0868999999998,_PILE
63792,354346.10419361916,1875542.8718,1204.0719000000001,_PILE
63793,354376.982665683,1875542.8718,1203.7692000000009,_PILE
63794,354404.0690296297,1875542.8718,1203.2431,_PILE
63800,354427.3627275579,1875542.8718,1202.5595,_END
63811,354124.0325941384,1875565.3018,1203.4651,_END
63810,354147.33250177104,1875565.3018,1203.4651,_PILE
63809,354178.2168297453,1875565.3018,1203.4651,_PILE
63808,354205.304905039,1875565.3018,1203.4651,_PILE
63807,354236.1928,1875565.3018,1203.4651,_PILE
63802,354262.1594,1875565.3018,1203.4651,_MOTOR_PILE
63801,354288.1259,1875565.3018,1203.4651,_PILE
63803,354319.01619869476,1875565.3018,1203.5150999999998,_PILE
63804,354346.11089774786,1875565.3018,1203.4101,_PILE
63805,354376.9963695454,1875565.3018,1203.0035,_PILE
63806,354404.0839047063,1875565.3018,1202.6260000000007,_PILE
63812,354427.3807055944,1875565.3018,1202.0849,_END
63823,354124.0253580325,1875587.7318,1202.7267,_END
63822,354147.3268723841,1875587.7318,1202.7267,_PILE
63821,354178.2121972995,1875587.7318,1202.7267,_PILE
63820,354205.3032547824,1875587.7318,1202.7267,_PILE
63819,354236.1928,1875587.7318,1202.7267,_PILE
63814,354262.1594,1875587.7318,1202.7267,_MOTOR_PILE
63813,354288.1259,1875587.7318,1202.7267,_PILE
63815,354319.0134455809,1875587.7318,1202.8966999999998,_PILE
63816,354346.10478446214,1875587.7318,1202.8697000000002,_PILE
63817,354376.98942026956,1875587.7318,1202.5337000000009,_PILE
63818,354404.07976161945,1875587.7318,1201.9877,_PILE
63824,354427.371671774,1875587.7318,1201.3669,_END
63835,354124.0525781506,1875610.1618,1202.2658,_END
63834,354147.34363587346,1875610.1618,1202.2658,_PILE
63833,354178.2183872961,1875610.1618,1202.2658,_PILE
63832,354205.30304748705,1875610.1618,1202.2658,_PILE
63831,354236.1928,1875610.1618,1202.2658,_PILE
63826,354262.1594,1875610.1618,1202.2658,_MOTOR_PILE
63825,354288.1259,1875610.1618,1202.2658,_PILE
63827,354319.01495800895,1875610.1618,1202.3057999999999,_PILE
63828,354346.10079448816,1875610.1618,1202.1740000000002,_PILE
63829,354376.9788857556,1875610.1618,1201.7284,_PILE
63830,354404.06627693545,1875610.1618,1201.0681,_PILE
63836,354427.35369667335,1875610.1618,1200.6483,_END
63847,354124.0154361297,1875632.5918,1201.2955,_END
63846,354147.3141955561,1875632.5918,1201.2955,_PILE
63845,354178.1996550272,1875632.5918,1201.2955,_PILE
63844,354205.29870751244,1875632.5918,1201.2955,_PILE
63843,354236.1928,1875632.5918,1201.2955,_PILE
63838,354262.1594,1875632.5918,1201.2955,_MOTOR_PILE
63837,354288.1259,1875632.5918,1201.2955,_PILE
63839,354319.0144601542,1875632.5918,1201.3355,_PILE
63840,354346.10462565906,1875632.5918,1201.2515,_PILE
63841,354376.9856808904,1875632.5918,1200.8678,_PILE
63842,354404.07133032125,1875632.5918,1200.2833,_PILE
63848,354427.3590402424,1875632.5918,1199.8477,_END
63859,354124.0094955745,1875655.0218,1200.627,_END
63858,354147.31295419874,1875655.0218,1200.627,_PILE
63857,354178.20336330286,1875655.0218,1200.627,_PILE
63856,354205.3093588774,1875655.0218,1200.627,_PILE
63855,354236.1928,1875655.0218,1200.627,_PILE
63850,354262.1594,1875655.0218,1200.627,_MOTOR_PILE
63849,354288.1259,1875655.0218,1200.627,_PILE
63851,354319.01189766836,1875655.0218,1200.7069999999999,_PILE
63852,354346.1026518766,1875655.0218,1200.5990000000002,_PILE
63853,354376.9867821865,1875655.0218,1200.1792000000003,_PILE
63854,354404.07404227037,1875655.0218,1199.5403,_PILE
63860,354427.36246554996,1875655.0218,1199.0681,_END
63871,354124.0102668321,1875677.4518,1200.1199,_END
63870,354147.31532999483,1875677.4518,1200.1199,_PILE
63869,354178.20609489456,1875677.4518,1200.1199,_PILE
63868,354205.3070442613,1875677.4518,1200.1199,_PILE
63867,354236.1928,1875677.4518,1200.1199,_PILE
63862,354262.1594,1875677.4518,1200.1199,_MOTOR_PILE
63861,354288.1229945556,1875677.4518,1200.2798999999998,_PILE
63863,354319.00268803374,1875677.4518,1200.2439000000002,_PILE
63864,354346.0911297078,1875677.4518,1199.9499000000008,_PILE
63865,354376.97827123705,1875677.4518,1199.3402,_PILE
63866,354404.06319813087,1875677.4518,1198.7902,_PILE
63872,354427.35168855556,1875677.4518,1198.3147,_END
63883,354124.00731544854,1875699.8818,1199.9671508999998,_END
63882,354147.3121586751,1875699.8818,1199.8972355999997,_PILE
63881,354178.20191431174,1875699.8818,1199.8045640999999,_PILE
63880,354205.3005360291,1875699.8818,1199.7232709999998,_PILE
63879,354236.19078062824,1875699.8818,1199.6305997999998,_PILE
63874,354262.1594,1875699.8818,1199.5527,_MOTOR_PILE
63873,354288.1270169832,1875699.8818,1199.4948004999999,_PILE
63875,354319.0086914428,1875699.8818,1199.4701289999998,_PILE
63876,354346.09434253647,1875699.8818,1199.1998359000002,_PILE
63877,354376.9780613462,1875699.8818,1198.5900000000004,_PILE
63878,354404.06962294393,1875699.8818,1197.8304,_PILE
63884,354427.36059843167,1875699.8818,1197.4050000000002,_END
63895,354124.0451527104,1875722.3118,1198.6955,_END
63894,354147.3396089438,1875722.3118,1198.6955,_PILE
63893,354178.2248850044,1875722.3118,1198.6955,_PILE
63892,354205.315430641,1875722.3118,1198.6955,_PILE
63891,354236.1928,1875722.3118,1198.6955,_PILE
63886,354262.1594,1875722.3118,1198.6955,_MOTOR_PILE
63885,354288.1259,1875722.3118,1198.6955,_PILE
63887,354319.00601794024,1875722.3118,1198.7055,_PILE
63888,354346.08780578093,1875722.3118,1198.4524000000001,_PILE
63889,354376.9675003416,1875722.3118,1197.8814,_PILE
63890,354404.0567125539,1875722.3118,1197.1502,_PILE
63896,354427.3447817175,1875722.3118,1196.6958,_END
63907,354124.07085186866,1875744.7418,1197.9481,_END
63906,354147.3545000289,1875744.7418,1197.9723,_PILE
63905,354178.2293856191,1875744.7418,1197.9481,_PILE
63904,354205.314367402,1875744.7418,1197.9481,_PILE
63903,354236.1928,1875744.7418,1197.9481,_PILE
63898,354262.1594,1875744.7418,1197.9481,_MOTOR_PILE
63897,354288.1243148323,1875744.7418,1198.0481,_PILE
63899,354319.00546717114,1875744.7418,1197.9881000000003,_PILE
63900,354346.08912685554,1875744.7418,1197.6665000000005,_PILE
63901,354376.97143251053,1875744.7418,1197.0244,_PILE
63902,354404.060041502,1875744.7418,1196.3159,_PILE
63908,354427.34892761236,1875744.7418,1195.8214,_END
63919,354124.02975790866,1875767.1718,1197.7309509,_END
63918,354147.3282167718,1875767.1718,1197.6610355999999,_PILE
63917,354178.21205194376,1875767.1718,1197.5683641,_PILE
63916,354205.3036568533,1875767.1718,1197.487071,_PILE
63915,354236.1918551669,1875767.1718,1197.3943998,_PILE
63910,354262.1594,1875767.1718,1197.3165,_MOTOR_PILE
63909,354288.1268919318,1875767.1718,1197.2386005,_PILE
63911,354319.01234529313,1875767.1718,1197.175929,_PILE
63912,354346.0960622967,1875767.1718,1196.8916000000002,_PILE
63913,354376.9780276391,1875767.1718,1196.2661000000005,_PILE
63914,354404.0727666438,1875767.1718,1195.4658,_PILE
63920,354427.3619986968,1875767.1718,1194.9989,_END
63931,354124.02625114453,1875789.6018,1197.1755509000002,_END
63930,354147.32343852357,1875789.6018,1197.1056356000001,_PILE
63929,354178.20823061274,1875789.6018,1197.0129641000003,_PILE
63928,354205.3020129678,1875789.6018,1196.9316710000003,_PILE
63927,354236.19240235275,1875789.6018,1196.8389998000002,_PILE
63922,354262.1594,1875789.6018,1196.7611,_MOTOR_PILE
63921,354288.12672600825,1875789.6018,1196.7032005000003,_PILE
63923,354319.013019478,1875789.6018,1196.5685290000004,_PILE
63924,354346.09997773357,1875789.6018,1196.1904,_PILE
63925,354376.98207099485,1875789.6018,1195.5682000000004,_PILE
63926,354404.0777439557,1875789.6018,1194.7596,_PILE
63932,354427.36604234803,1875789.6018,1194.2936,_END
63944,353775.80711630406,1875520.4418,1202.5152,_END
63938,353799.10202313925,1875520.4418,1202.5152,_PILE
63937,353826.19564240356,1875520.4418,1202.5152,_PILE
63936,353857.0851634742,1875520.4418,1202.5152,_PILE
63935,353884.1827640143,1875520.4418,1202.5152,_PILE
63933,353915.0731,1875520.4418,1202.5152,_PILE
63934,353941.0397,1875520.4418,1202.5152,_MOTOR_PILE
63939,353967.0062,1875520.4418,1202.5152,_PILE
63940,353997.892566147,1875520.4418,1202.6452,_PILE
63941,354024.9754243751,1875520.4418,1202.9156,_PILE
63942,354055.8534189895,1875520.4418,1202.9351,_PILE
63943,354079.1377273026,1875520.4418,1202.7192,_END
63956,353775.80200009595,1875542.8718,1202.4277,_END
63950,353799.09923592705,1875542.8718,1202.4277,_PILE
63949,353826.194302583,1875542.8718,1202.4277,_PILE
63948,353857.0846256508,1875542.8718,1202.4277,_PILE
63947,353884.1824389006,1875542.8718,1202.4277,_PILE
63945,353915.0731,1875542.8718,1202.4277,_PILE
63946,353941.0397,1875542.8718,1202.4277,_MOTOR_PILE
63951,353967.0062,1875542.8718,1202.4277,_PILE
63952,353997.8929883392,1875542.8718,1202.5876999999998,_PILE
63953,354024.9768724927,1875542.8718,1202.8206,_PILE
63954,354055.8552577665,1875542.8718,1202.8062,_PILE
63955,354079.14056606207,1875542.8718,1202.5720999999999,_END
63968,353775.7999965372,1875565.3018,1202.2414,_END
63962,353799.0985146002,1875565.3018,1202.2414,_PILE
63961,353826.1941422543,1875565.3018,1202.2414,_PILE
63960,353857.08504088793,1875565.3018,1202.2414,_PILE
63959,353884.18275592424,1875565.3018,1202.2414,_PILE
63957,353915.0731,1875565.3018,1202.2414,_PILE
63958,353941.0397,1875565.3018,1202.2414,_MOTOR_PILE
63963,353967.0062,1875565.3018,1202.2414,_PILE
63964,353997.8944858145,1875565.3018,1202.2414,_PILE
63965,354024.97792388045,1875565.3018,1202.2414,_PILE
63966,354055.8613369028,1875565.3018,1202.2414,_PILE
63967,354079.1548443574,1875565.3018,1202.2414,_END
63980,353775.7981658302,1875587.7318,1201.9017,_END
63974,353799.100095493,1875587.7318,1201.9017,_PILE
63973,353826.19501377025,1875587.7318,1201.9017,_PILE
63972,353857.08441155916,1875587.7318,1201.9017,_PILE
63971,353884.1822545833,1875587.7318,1201.9017,_PILE
63969,353915.0731,1875587.7318,1201.9017,_PILE
63970,353941.0397,1875587.7318,1201.9017,_MOTOR_PILE
63975,353967.0062,1875587.7318,1201.9017,_PILE
63976,353997.89508060383,1875587.7318,1201.9017,_PILE
63977,354024.97814287385,1875587.7318,1201.9017,_PILE
63978,354055.86525757686,1875587.7318,1201.9017,_PILE
63979,354079.1674995319,1875587.7318,1201.9017,_END
63992,353775.79555604607,1875610.1618,1201.3795,_END
63986,353799.0986110565,1875610.1618,1201.3795,_PILE
63985,353826.1940239,1875610.1618,1201.3795,_PILE
63984,353857.08487830084,1875610.1618,1201.3795,_PILE
63983,353884.1827,1875610.1618,1201.3795,_PILE
63981,353915.0731,1875610.1618,1201.3795,_PILE
63982,353941.0397,1875610.1618,1201.3795,_MOTOR_PILE
63987,353967.0062,1875610.1618,1201.3795,_PILE
63988,353997.89215211757,1875610.1618,1201.3795,_PILE
63989,354024.972301446,1875610.1618,1201.3848,_PILE
63990,354055.86258591426,1875610.1618,1201.3795,_PILE
63991,354079.1681203216,1875610.1618,1201.3795,_END
64004,353775.7989605911,1875632.5918,1201.0245,_END
63998,353799.0999156215,1875632.5918,1201.0245,_PILE
63997,353826.19470364595,1875632.5918,1201.0245,_PILE
63996,353857.0849161347,1875632.5918,1201.0245,_PILE
63995,353884.1829869546,1875632.5918,1201.0245,_PILE
63993,353915.0731,1875632.5918,1201.0245,_PILE
63994,353941.0397,1875632.5918,1201.0245,_MOTOR_PILE
63999,353967.0062,1875632.5918,1201.0245,_PILE
64000,353997.89147338393,1875632.5918,1201.0245,_PILE
64001,354024.97186128446,1875632.5918,1201.0405,_PILE
64002,354055.8600641224,1875632.5918,1201.0245,_PILE
64003,354079.1696081748,1875632.5918,1201.0245,_END
64016,353775.82745802944,1875655.0218,1200.8926,_END
64010,353799.1163175037,1875655.0218,1200.8926,_PILE
64009,353826.20281294273,1875655.0218,1200.8926,_PILE
64008,353857.08818221866,1875655.0218,1200.8926,_PILE
64007,353884.18391094997,1875655.0218,1200.8926,_PILE
64005,353915.0731,1875655.0218,1200.8926,_PILE
64006,353941.0397,1875655.0218,1200.8926,_MOTOR_PILE
64011,353967.0062,1875655.0218,1200.8926,_PILE
64012,353997.8943563982,1875655.0218,1200.8926,_PILE
64013,354024.9779522158,1875655.0218,1200.8926,_PILE
64014,354055.8703899163,1875655.0218,1200.8926,_PILE
64015,354079.18015765795,1875655.0218,1200.8926,_END
64028,353775.8365047385,1875677.4518,1200.3639,_END
64022,353799.12160760554,1875677.4518,1200.3639,_PILE
64021,353826.2041496177,1875677.4518,1200.3639,_PILE
64020,353857.08821750735,1875677.4518,1200.3639,_PILE
64019,353884.1835187411,1875677.4518,1200.3639,_PILE
64017,353915.0731,1875677.4518,1200.3639,_PILE
64018,353941.0397,1875677.4518,1200.3639,_MOTOR_PILE
64023,353967.0062,1875677.4518,1200.3639,_PILE
64024,353997.89407659275,1875677.4518,1200.3639,_PILE
64025,354024.97670807573,1875677.4518,1200.3639,_PILE
64026,354055.86935278284,1875677.4518,1200.3639,_PILE
64027,354079.1779287756,1875677.4518,1200.3639,_END
64040,353775.83430737536,1875699.8818,1199.8702,_END
64034,353799.1201804715,1875699.8818,1200.0882,_PILE
64033,353826.2037745055,1875699.8818,1200.0882,_PILE
64032,353857.0879832628,1875699.8818,1200.0882,_PILE
64031,353884.18348452554,1875699.8818,1200.0882,_PILE
64029,353915.0731,1875699.8818,1200.0882,_PILE
64030,353941.0397,1875699.8818,1200.0882,_MOTOR_PILE
64035,353967.0062,1875699.8818,1200.0882,_PILE
64036,353997.89308061247,1875699.8818,1200.0882,_PILE
64037,354024.9800986994,1875699.8818,1200.0882,_PILE
64038,354055.8701773624,1875699.8818,1200.0882,_PILE
64039,354079.1782726705,1875699.8818,1200.0882,_END
64052,353775.8325038681,1875722.3118,1199.6776,_END
64046,353799.1171237881,1875722.3118,1199.8328,_PILE
64045,353826.1993443551,1875722.3118,1199.8328,_PILE
64044,353857.0858812722,1875722.3118,1199.8328,_PILE
64043,353884.1830491624,1875722.3118,1199.8328,_PILE
64041,353915.0731,1875722.3118,1199.8328,_PILE
64042,353941.0397,1875722.3118,1199.8328,_MOTOR_PILE
64047,353967.0062,1875722.3118,1199.8328,_PILE
64048,353997.89379932574,1875722.3118,1199.8328,_PILE
64049,354024.982091535,1875722.3118,1199.8328,_PILE
64050,354055.87286312005,1875722.3118,1199.8328,_PILE
64051,354079.1807240515,1875722.3118,1199.8328,_END
64064,353775.83187769644,1875744.7418,1199.2443,_END
64058,353799.1167865058,1875744.7418,1199.4529,_PILE
64057,353826.19870118756,1875744.7418,1199.4529,_PILE
64056,353857.0851753436,1875744.7418,1199.4529,_PILE
64055,353884.18239765364,1875744.7418,1199.4529,_PILE
64053,353915.0731,1875744.7418,1199.4529,_PILE
64054,353941.0397,1875744.7418,1199.4529,_MOTOR_PILE
64059,353967.0062,1875744.7418,1199.4529,_PILE
64060,353997.89616567426,1875744.7418,1199.4529,_PILE
64061,354024.9895983627,1875744.7418,1199.4529,_PILE
64062,354055.8808966263,1875744.7418,1199.4529,_PILE
64063,354079.18837802624,1875744.7418,1199.4529,_END
64076,353775.8314217495,1875767.1718,1198.893,_END
64070,353799.1167553191,1875767.1718,1199.1290000000001,_PILE
64069,353826.1987868928,1875767.1718,1199.15,_PILE
64068,353857.0856809693,1875767.1718,1199.14,_PILE
64067,353884.1830744113,1875767.1718,1199.14,_PILE
64065,353915.0731,1875767.1718,1199.14,_PILE
64066,353941.0397,1875767.1718,1199.14,_MOTOR_PILE
64071,353967.0062,1875767.1718,1199.14,_PILE
64072,353997.896514888,1875767.1718,1199.14,_PILE
64073,354024.99276860914,1875767.1718,1199.14,_PILE
64074,354055.8882719345,1875767.1718,1199.14,_PILE
64075,354079.1866908699,1875767.1718,1199.14,_END
64088,353775.83014826954,1875789.6018,1198.3474,_END
64082,353799.11587951786,1875789.6018,1198.5411,_PILE
64081,353826.20017813164,1875789.6018,1198.5411,_PILE
64080,353857.08505256835,1875789.6018,1198.5411,_PILE
64079,353884.18241020537,1875789.6018,1198.5411,_PILE
64077,353915.0731,1875789.6018,1198.5411,_PILE
64078,353941.0397,1875789.6018,1198.5411,_MOTOR_PILE
64083,353967.0062,1875789.6018,1198.5411,_PILE
64084,353997.89630655386,1875789.6018,1198.5411,_PILE
64085,354024.9926871375,1875789.6018,1198.5411,_PILE
64086,354055.8865782935,1875789.6018,1198.5411,_PILE
64087,354079.18757629296,1875789.6018,1198.5411,_END
64099,353441.6208547213,1875520.4418,1199.2692,_END
64098,353464.9098111352,1875520.4418,1199.767,_PILE
64097,353495.79061724205,1875520.4418,1200.2907000000002,_PILE
64096,353522.8749989675,1875520.4418,1200.4796999999999,_PILE
64095,353553.7578,1875520.4418,1200.3897,_PILE
64090,353579.7244,1875520.4418,1200.3897,_MOTOR_PILE
64089,353605.6909,1875520.4418,1200.3897,_PILE
64091,353636.57766827854,1875520.4418,1200.3897,_PILE
64092,353663.6627849792,1875520.4418,1200.3897,_PILE
64093,353694.53742951754,1875520.4418,1200.4074,_PILE
64094,353721.6170414359,1875520.4418,1200.5283,_PILE
64100,353744.9006838239,1875520.4418,1200.5105,_END
64111,353441.62008848356,1875542.8718,1199.7365,_END
64110,353464.9097009271,1875542.8718,1200.2501000000002,_PILE
64109,353495.7886133951,1875542.8718,1200.6492,_PILE
64108,353522.8733996488,1875542.8718,1200.7351999999998,_PILE
64107,353553.7578,1875542.8718,1200.6752,_PILE
64102,353579.7244,1875542.8718,1200.6752,_MOTOR_PILE
64101,353605.6909,1875542.8718,1200.6752,_PILE
64103,353636.57651335996,1875542.8718,1200.6752,_PILE
64104,353663.66095169284,1875542.8718,1200.6752,_PILE
64105,353694.5359431066,1875542.8718,1200.6752,_PILE
64106,353721.6173016506,1875542.8718,1200.6752,_PILE
64112,353744.9058422653,1875542.8718,1200.6752,_END
64123,353441.6240591855,1875565.3018,1199.9163,_END
64122,353464.9125884815,1875565.3018,1200.3937,_PILE
64121,353495.79278991366,1875565.3018,1200.9289000000003,_PILE
64120,353522.8759434778,1875565.3018,1201.1279,_PILE
64119,353553.7580655733,1875565.3018,1201.0899,_PILE
64114,353579.7244,1875565.3018,1201.0699,_MOTOR_PILE
64113,353605.6909,1875565.3018,1201.0699,_PILE
64115,353636.5804821333,1875565.3018,1201.0699,_PILE
64116,353663.6711088815,1875565.3018,1201.0699,_PILE
64117,353694.5544082596,1875565.3018,1201.0699,_PILE
64118,353721.64457545156,1875565.3018,1201.0699,_PILE
64124,353744.9463153534,1875565.3018,1201.0699,_END
64135,353441.62952735747,1875587.7318,1200.1382,_END
64134,353464.91749370965,1875587.7318,1200.5873,_PILE
64133,353495.79558420257,1875587.7318,1201.0705,_PILE
64132,353522.87543240614,1875587.7318,1201.2517,_PILE
64131,353553.7578,1875587.7318,1201.2991,_PILE
64126,353579.7244,1875587.7318,1201.2991,_MOTOR_PILE
64125,353605.6909,1875587.7318,1201.2991,_PILE
64127,353636.5810674878,1875587.7318,1201.2991,_PILE
64128,353663.6724888482,1875587.7318,1201.2991,_PILE
64129,353694.55748353107,1875587.7318,1201.2991,_PILE
64130,353721.6537992088,1875587.7318,1201.2991,_PILE
64136,353744.9599758181,1875587.7318,1201.2991,_END
64147,353441.62965694757,1875610.1618,1200.0407,_END
64146,353464.9172535659,1875610.1618,1200.4702,_PILE
64145,353495.79444016865,1875610.1618,1200.8917,_PILE
64144,353522.8746201985,1875610.1618,1201.1171,_PILE
64143,353553.7578,1875610.1618,1201.1863,_PILE
64138,353579.7244,1875610.1618,1201.1863,_MOTOR_PILE
64137,353605.6909,1875610.1618,1201.1863,_PILE
64139,353636.58084652864,1875610.1618,1201.1863,_PILE
64140,353663.67454574985,1875610.1618,1201.1863,_PILE
64141,353694.5643184301,1875610.1618,1201.1863,_PILE
64142,353721.6614713792,1875610.1618,1201.1863,_PILE
64148,353744.96840386424,1875610.1618,1201.1863,_END
64159,353441.6328167649,1875632.5918,1199.9479,_END
64158,353464.9182247987,1875632.5918,1200.2352,_PILE
64157,353495.79671662534,1875632.5918,1200.7324,_PILE
64156,353522.87681826286,1875632.5918,1200.9005,_PILE
64155,353553.7578,1875632.5918,1200.9439,_PILE
64150,353579.7244,1875632.5918,1200.9439,_MOTOR_PILE
64149,353605.6909,1875632.5918,1200.9439,_PILE
64151,353636.58120171947,1875632.5918,1200.9439,_PILE
64152,353663.6765096406,1875632.5918,1200.9439,_PILE
64153,353694.5685066081,1875632.5918,1200.9439,_PILE
64154,353721.6665501712,1875632.5918,1200.9439,_PILE
64160,353744.9703808384,1875632.5918,1200.9439,_END
64171,353441.6333212156,1875655.0218,1199.6139,_END
64170,353464.9195408663,1875655.0218,1199.9608,_PILE
64169,353495.7963834914,1875655.0218,1200.3563,_PILE
64168,353522.875798469,1875655.0218,1200.4405,_PILE
64167,353553.7578,1875655.0218,1200.4405,_PILE
64162,353579.7244,1875655.0218,1200.4405,_MOTOR_PILE
64161,353605.6909,1875655.0218,1200.4405,_PILE
64163,353636.5821460521,1875655.0218,1200.4405,_PILE
64164,353663.6796335364,1875655.0218,1200.4405,_PILE
64165,353694.571043269,1875655.0218,1200.4405,_PILE
64166,353721.6671743502,1875655.0218,1200.4405,_PILE
64172,353744.9663164617,1875655.0218,1200.4405,_END
64183,353441.62603564706,1875677.4518,1199.3225,_END
64182,353464.9105675191,1875677.4518,1199.5268,_PILE
64181,353495.7899880041,1875677.4518,1199.9243000000001,_PILE
64180,353522.87487705477,1875677.4518,1200.0083,_PILE
64179,353553.7578,1875677.4518,1199.9683,_PILE
64174,353579.7244,1875677.4518,1199.9683,_MOTOR_PILE
64173,353605.6909,1875677.4518,1199.9683,_PILE
64175,353636.58156893693,1875677.4518,1199.9683,_PILE
64176,353663.67897883843,1875677.4518,1199.9683,_PILE
64177,353694.5676583429,1875677.4518,1199.9683,_PILE
64178,353721.66053025046,1875677.4518,1199.9683,_PILE
64184,353744.9552233614,1875677.4518,1199.9683,_END
64195,353441.62609416904,1875699.8818,1198.8608,_END
64194,353464.91060250765,1875699.8818,1199.0624,_PILE
64193,353495.7887448174,1875699.8818,1199.3857,_PILE
64192,353522.8736750691,1875699.8818,1199.4277,_PILE
64191,353553.7578,1875699.8818,1199.4077,_PILE
64186,353579.7244,1875699.8818,1199.4077,_MOTOR_PILE
64185,353605.6909,1875699.8818,1199.4077,_PILE
64187,353636.58078893233,1875699.8818,1199.4077,_PILE
64188,353663.6771283,1875699.8818,1199.4077,_PILE
64189,353694.56372470217,1875699.8818,1199.4077,_PILE
64190,353721.653279664,1875699.8818,1199.4077,_PILE
64196,353744.94431413227,1875699.8818,1199.4077,_END
64207,353441.62097858504,1875722.3118,1198.3651,_END
64206,353464.9050326601,1875722.3118,1198.5047,_PILE
64205,353495.78558892873,1875722.3118,1198.8592,_PILE
64204,353522.87337418,1875722.3118,1198.9012,_PILE
64203,353553.7578,1875722.3118,1198.8812,_PILE
64198,353579.7244,1875722.3118,1198.8812,_MOTOR_PILE
64197,353605.6909,1875722.3118,1198.8812,_PILE
64199,353636.5806271843,1875722.3118,1198.8812,_PILE
64200,353663.675760785,1875722.3118,1198.8812,_PILE
64201,353694.56046810834,1875722.3118,1198.8812,_PILE
64202,353721.6493263338,1875722.3118,1198.8812,_PILE
64208,353744.9441365198,1875722.3118,1198.8812,_END
64219,353441.62700098363,1875744.7418,1197.8472,_END
64218,353464.9110413826,1875744.7418,1197.9845,_PILE
64217,353495.79171485093,1875744.7418,1198.4748000000002,_PILE
64216,353522.8759116359,1875744.7418,1198.6427999999999,_PILE
64215,353553.7578,1875744.7418,1198.5628,_PILE
64210,353579.7244,1875744.7418,1198.5628,_MOTOR_PILE
64209,353605.6909,1875744.7418,1198.5628,_PILE
64211,353636.57720002526,1875744.7418,1198.5628,_PILE
64212,353663.6666956221,1875744.7418,1198.5628,_PILE
64213,353694.54490640364,1875744.7418,1198.5628,_PILE
64214,353721.62698417826,1875744.7418,1198.5628,_PILE
64220,353744.9182206796,1875744.7418,1198.5628,_END
64231,353441.62090434687,1875767.1718,1197.2061,_END
64230,353464.90743743296,1875767.1718,1197.3575,_PILE
64229,353495.78904633224,1875767.1718,1197.8633000000002,_PILE
64228,353522.8744692224,1875767.1718,1198.0493,_PILE
64227,353553.7578,1875767.1718,1197.9893,_PILE
64222,353579.7244,1875767.1718,1197.9893,_MOTOR_PILE
64221,353605.6909,1875767.1718,1197.9893,_PILE
64223,353636.577650467,1875767.1718,1197.9893,_PILE
64224,353663.66802504705,1875767.1718,1197.9893,_PILE
64225,353694.5469496086,1875767.1718,1197.9893,_PILE
64226,353721.6329684916,1875767.1718,1197.9893,_PILE
64232,353744.9288990463,1875767.1718,1197.9893,_END
64243,353441.6270195587,1875789.6018,1196.4012,_END
64242,353464.91217567195,1875789.6018,1196.6673,_PILE
64241,353495.7911150051,1875789.6018,1197.18,_PILE
64240,353522.8738885826,1875789.6018,1197.365,_PILE
64239,353553.7578,1875789.6018,1197.345,_PILE
64234,353579.7244,1875789.6018,1197.345,_MOTOR_PILE
64233,353605.6909,1875789.6018,1197.345,_PILE
64235,353636.5783948264,1875789.6018,1197.345,_PILE
64236,353663.66815003863,1875789.6018,1197.345,_PILE
64237,353694.55014922906,1875789.6018,1197.345,_PILE
64238,353721.6408139125,1875789.6018,1197.345,_PILE
64244,353744.9407540039,1875789.6018,1197.345,_END
