62977,350843.3697,1873048.9564,1171.2919,_MOTOR_PILE
62978,350876.9209,1873048.9564,1171.4602,_END
62979,350817.4032,1873048.9564,1171.3349,_PILE
62980,350786.5127,1873048.9564,1170.9318,_PILE
62981,350759.4150,1873048.9564,1170.4260,_PILE
62982,350728.5245,1873048.9564,1169.9689,_PILE
62983,350701.4268,1873048.9564,1169.5620,_PILE
62984,350678.1216,1873048.9564,1169.3221,_END
62985,350843.3697,1873071.3864,1170.9194,_MOTOR_PILE
62986,350876.9209,1873071.3864,1171.2496,_END
62987,350817.4032,1873071.3864,1170.9130,_PILE
62988,350786.5127,1873071.3864,1170.4870,_PILE
62989,350759.4150,1873071.3864,1170.1722,_PILE
62990,350728.5245,1873071.3864,1169.8842,_PILE
62991,350701.4268,1873071.3864,1169.5860,_PILE
62992,350678.1216,1873071.3864,1169.3358,_END
62993,350843.3697,1873093.8164,1170.2311,_MOTOR_PILE
62994,350876.9209,1873093.8164,1170.4621,_END
62995,350817.4032,1873093.8164,1170.1751,_PILE
62996,350786.5127,1873093.8164,1169.9422,_PILE
62997,350759.4150,1873093.8164,1169.6852,_PILE
62998,350728.5245,1873093.8164,1169.5692,_PILE
62999,350701.4268,1873093.8164,1169.2670,_PILE
63000,350678.1216,1873093.8164,1169.0369,_END
63001,350843.3697,1873116.2464,1169.8448,_MOTOR_PILE
63002,350876.9209,1873116.2464,1170.1069,_END
63003,350817.4032,1873116.2464,1169.6920,_PILE
63004,350786.5127,1873116.2464,1169.4621,_PILE
63005,350759.4150,1873116.2464,1169.3280,_PILE
63006,350728.5245,1873116.2464,1169.0943,_PILE
63007,350701.4268,1873116.2464,1168.8592,_PILE
63008,350678.1216,1873116.2464,1168.6401,_END
63009,350817.4032,1873385.4064,1162.0304,_PILE
63010,350843.3697,1873385.4064,1162.9748,_MOTOR_PILE
63011,350786.5127,1873385.4064,1161.5847,_PILE
63012,350759.4150,1873385.4064,1161.2625,_PILE
63013,350728.5245,1873385.4064,1161.4601,_PILE
63014,350701.4268,1873385.4064,1161.6945,_PILE
63015,350869.3362,1873385.4064,1163.5538,_PILE
63016,350900.2267,1873385.4064,1163.8340,_PILE
63017,350927.3244,1873385.4064,1164.1738,_PILE
63018,350958.2149,1873385.4064,1164.2146,_PILE
63019,350981.5200,1873385.4064,1163.7538,_END
63020,350678.1216,1873385.4064,1162.0602,_END
63021,350817.4032,1873407.8364,1161.5412,_PILE
63022,350843.3697,1873407.8364,1162.2543,_MOTOR_PILE
63023,350786.5127,1873407.8364,1160.8319,_PILE
63024,350759.4150,1873407.8364,1160.5700,_PILE
63025,350728.5245,1873407.8364,1160.4690,_PILE
63026,350701.4268,1873407.8364,1160.8417,_PILE
63027,350869.3362,1873407.8364,1162.8072,_PILE
63028,350900.2267,1873407.8364,1163.1330,_PILE
63029,350927.3244,1873407.8364,1163.3513,_PILE
63030,350958.2149,1873407.8364,1163.3976,_PILE
63031,350981.5200,1873407.8364,1163.0582,_END
63032,350678.1216,1873407.8364,1161.1280,_END
63033,350817.4032,1873430.2664,1161.3257,_PILE
63034,350843.3697,1873430.2664,1161.9763,_MOTOR_PILE
63035,350786.5127,1873430.2664,1160.5607,_PILE
63036,350759.4150,1873430.2664,1160.0232,_PILE
63037,350728.5245,1873430.2664,1159.7978,_PILE
63038,350701.4268,1873430.2664,1160.2622,_PILE
63039,350869.3362,1873430.2664,1162.4247,_PILE
63040,350900.2267,1873430.2664,1162.7982,_PILE
63041,350927.3244,1873430.2664,1162.9738,_PILE
63042,350958.2149,1873430.2664,1162.9609,_PILE
63043,350981.5200,1873430.2664,1162.4792,_END
63044,350678.1216,1873430.2664,1160.5023,_END
63045,350817.4032,1873452.6964,1160.4545,_PILE
63046,350843.3697,1873452.6964,1161.0710,_MOTOR_PILE
63047,350786.5127,1873452.6964,1159.8108,_PILE
63048,350759.4150,1873452.6964,1159.4100,_PILE
63049,350728.5245,1873452.6964,1159.2085,_PILE
63050,350701.4268,1873452.6964,1159.3100,_PILE
63051,350869.3362,1873452.6964,1161.4546,_PILE
63052,350900.2267,1873452.6964,1161.7607,_PILE
63053,350927.3244,1873452.6964,1161.9585,_PILE
63054,350958.2149,1873452.6964,1161.9038,_PILE
63055,350981.5200,1873452.6964,1161.5115,_END
63056,350678.1216,1873452.6964,1159.4974,_END
63057,350817.4032,1873475.1264,1159.9182,_PILE
63058,350843.3697,1873475.1264,1160.4242,_MOTOR_PILE
63059,350786.5127,1873475.1264,1159.2831,_PILE
63060,350759.4150,1873475.1264,1158.9202,_PILE
63061,350728.5245,1873475.1264,1158.8812,_PILE
63062,350701.4268,1873475.1264,1158.8149,_PILE
63063,350869.3362,1873475.1264,1160.7936,_PILE
63064,350900.2267,1873475.1264,1161.1194,_PILE
63065,350927.3244,1873475.1264,1161.1469,_PILE
63066,350958.2149,1873475.1264,1161.0600,_PILE
63067,350981.5200,1873475.1264,1160.6496,_END
63068,350678.1216,1873475.1264,1158.8387,_END
63069,350817.4032,1873497.5564,1159.1240,_PILE
63070,350843.3697,1873497.5564,1159.5536,_MOTOR_PILE
63071,350786.5127,1873497.5564,1158.6100,_PILE
63072,350759.4150,1873497.5564,1158.3601,_PILE
63073,350728.5245,1873497.5564,1158.3248,_PILE
63074,350701.4268,1873497.5564,1158.3520,_PILE
63075,350869.3362,1873497.5564,1159.8908,_PILE
63076,350900.2267,1873497.5564,1160.1054,_PILE
63077,350927.3244,1873497.5564,1160.1282,_PILE
63078,350958.2149,1873497.5564,1159.9414,_PILE
63079,350981.5200,1873497.5564,1159.7500,_END
63080,350678.1216,1873497.5564,1158.2210,_END
63081,350817.4032,1873519.9864,1158.4512,_PILE
63082,350843.3697,1873519.9864,1158.8929,_MOTOR_PILE
63083,350786.5127,1873519.9864,1158.2110,_PILE
63084,350759.4150,1873519.9864,1158.1029,_PILE
63085,350728.5245,1873519.9864,1157.9511,_PILE
63086,350701.4268,1873519.9864,1157.9201,_PILE
63087,350869.3362,1873519.9864,1159.3507,_PILE
63088,350900.2267,1873519.9864,1159.5910,_PILE
63089,350927.3244,1873519.9864,1159.6669,_PILE
63090,350958.2149,1873519.9864,1159.4078,_PILE
63091,350981.5200,1873519.9864,1159.3460,_END
63092,350678.1216,1873519.9864,1157.9286,_END
63093,350817.4032,1873542.4164,1158.0078,_PILE
63094,350843.3697,1873542.4164,1158.4613,_MOTOR_PILE
63095,350786.5127,1873542.4164,1157.4900,_PILE
63096,350759.4150,1873542.4164,1156.8438,_PILE
63097,350728.5245,1873542.4164,1156.7470,_PILE
63098,350701.4268,1873542.4164,1156.7688,_PILE
63099,350869.3362,1873542.4164,1158.9510,_PILE
63100,350900.2267,1873542.4164,1159.1510,_PILE
63101,350927.3244,1873542.4164,1159.1716,_PILE
63102,350958.2149,1873542.4164,1159.0002,_PILE
63103,350981.5200,1873542.4164,1158.7765,_END
63104,350678.1216,1873542.4164,1156.9466,_END
63105,350817.4032,1873564.8464,1156.8058,_PILE
63106,350843.3697,1873564.8464,1157.3788,_MOTOR_PILE
63107,350786.5127,1873564.8464,1156.1822,_PILE
63108,350759.4150,1873564.8464,1155.2563,_PILE
63109,350728.5245,1873564.8464,1155.2128,_PILE
63110,350701.4268,1873564.8464,1155.3751,_PILE
63111,350869.3362,1873564.8464,1157.6346,_PILE
63112,350900.2267,1873564.8464,1157.6359,_PILE
63113,350927.3244,1873564.8464,1157.2730,_PILE
63114,350958.2149,1873564.8464,1157.0416,_PILE
63115,350981.5200,1873564.8464,1157.3554,_END
63116,350678.1216,1873564.8464,1155.3773,_END
63117,350817.4032,1872757.3664,1174.6340,_PILE
63118,350843.3697,1872757.3664,1175.1867,_MOTOR_PILE
63119,350786.5127,1872757.3664,1174.0218,_PILE
63120,350759.4150,1872757.3664,1173.3111,_PILE
63121,350728.5245,1872757.3664,1172.5108,_PILE
63122,350701.4268,1872757.3664,1171.9056,_PILE
63123,350869.3362,1872757.3664,1175.6997,_PILE
63124,350900.2267,1872757.3664,1176.4681,_PILE
63125,350927.3244,1872757.3664,1176.8369,_PILE
63126,350958.2149,1872757.3664,1177.1910,_PILE
63127,350981.5200,1872757.3664,1177.2039,_END
63128,350678.1216,1872757.3664,1171.3740,_END
63129,350817.4032,1872779.7964,1174.2470,_PILE
63130,350843.3697,1872779.7964,1174.8088,_MOTOR_PILE
63131,350786.5127,1872779.7964,1173.5656,_PILE
63132,350759.4150,1872779.7964,1172.8901,_PILE
63133,350728.5245,1872779.7964,1172.2963,_PILE
63134,350701.4268,1872779.7964,1171.6856,_PILE
63135,350869.3362,1872779.7964,1175.4577,_PILE
63136,350900.2267,1872779.7964,1176.1978,_PILE
63137,350927.3244,1872779.7964,1176.5966,_PILE
63138,350958.2149,1872779.7964,1176.9576,_PILE
63139,350981.5200,1872779.7964,1176.9391,_END
63140,350678.1216,1872779.7964,1171.1048,_END
63141,350817.4032,1872802.2264,1173.8192,_PILE
63142,350843.3697,1872802.2264,1174.4700,_MOTOR_PILE
63143,350786.5127,1872802.2264,1173.1628,_PILE
63144,350759.4150,1872802.2264,1172.5652,_PILE
63145,350728.5245,1872802.2264,1171.8722,_PILE
63146,350701.4268,1872802.2264,1171.3357,_PILE
63147,350869.3362,1872802.2264,1175.1829,_PILE
63148,350900.2267,1872802.2264,1175.6470,_PILE
63149,350927.3244,1872802.2264,1176.1387,_PILE
63150,350958.2149,1872802.2264,1176.4361,_PILE
63151,350981.5200,1872802.2264,1176.6030,_END
63152,350678.1216,1872802.2264,1170.7936,_END
63153,350817.4032,1872824.6564,1173.9041,_PILE
63154,350843.3697,1872824.6564,1174.4319,_MOTOR_PILE
63155,350786.5127,1872824.6564,1173.1339,_PILE
63156,350759.4150,1872824.6564,1172.7212,_PILE
63157,350728.5245,1872824.6564,1171.9419,_PILE
63158,350701.4268,1872824.6564,1171.3279,_PILE
63159,350869.3362,1872824.6564,1174.9814,_PILE
63160,350900.2267,1872824.6564,1175.5892,_PILE
63161,350927.3244,1872824.6564,1176.0807,_PILE
63162,350958.2149,1872824.6564,1176.3839,_PILE
63163,350981.5200,1872824.6564,1176.4371,_END
63164,350678.1216,1872824.6564,1170.8548,_END
63165,350817.4032,1872847.0864,1173.8450,_PILE
63166,350843.3697,1872847.0864,1174.3270,_MOTOR_PILE
63167,350786.5127,1872847.0864,1173.1723,_PILE
63168,350759.4150,1872847.0864,1172.7450,_PILE
63169,350728.5245,1872847.0864,1172.0429,_PILE
63170,350701.4268,1872847.0864,1171.4920,_PILE
63171,350869.3362,1872847.0864,1174.8686,_PILE
63172,350900.2267,1872847.0864,1175.6347,_PILE
63173,350927.3244,1872847.0864,1176.0598,_PILE
63174,350958.2149,1872847.0864,1176.3260,_PILE
63175,350981.5200,1872847.0864,1176.2630,_END
63176,350678.1216,1872847.0864,1170.9390,_END
63177,350817.4032,1872869.5164,1173.4192,_PILE
63178,350843.3697,1872869.5164,1173.9751,_MOTOR_PILE
63179,350786.5127,1872869.5164,1172.7492,_PILE
63180,350759.4150,1872869.5164,1172.2615,_PILE
63181,350728.5245,1872869.5164,1171.5771,_PILE
63182,350701.4268,1872869.5164,1170.9802,_PILE
63183,350869.3362,1872869.5164,1174.5244,_PILE
63184,350900.2267,1872869.5164,1175.1342,_PILE
63185,350927.3244,1872869.5164,1175.6690,_PILE
63186,350958.2149,1872869.5164,1175.8791,_PILE
63187,350981.5200,1872869.5164,1175.8041,_END
63188,350678.1216,1872869.5164,1170.4263,_END
63189,350817.4032,1872891.9464,1173.4610,_PILE
63190,350843.3697,1872891.9464,1173.9925,_MOTOR_PILE
63191,350786.5127,1872891.9464,1172.8283,_PILE
63192,350759.4150,1872891.9464,1172.2782,_PILE
63193,350728.5245,1872891.9464,1171.5352,_PILE
63194,350701.4268,1872891.9464,1170.9778,_PILE
63195,350869.3362,1872891.9464,1174.4457,_PILE
63196,350900.2267,1872891.9464,1175.0811,_PILE
63197,350927.3244,1872891.9464,1175.4700,_PILE
63198,350958.2149,1872891.9464,1175.7527,_PILE
63199,350981.5200,1872891.9464,1175.6801,_END
63200,350678.1216,1872891.9464,1170.5340,_END
63201,350817.4032,1872914.3764,1173.1610,_PILE
63202,350843.3697,1872914.3764,1173.5605,_MOTOR_PILE
63203,350786.5127,1872914.3764,1172.6340,_PILE
63204,350759.4150,1872914.3764,1172.0434,_PILE
63205,350728.5245,1872914.3764,1171.3163,_PILE
63206,350701.4268,1872914.3764,1170.7242,_PILE
63207,350869.3362,1872914.3764,1174.1470,_PILE
63208,350900.2267,1872914.3764,1174.6539,_PILE
63209,350927.3244,1872914.3764,1174.9417,_PILE
63210,350958.2149,1872914.3764,1175.1548,_PILE
63211,350981.5200,1872914.3764,1175.0440,_END
63212,350678.1216,1872914.3764,1170.2616,_END
63213,350817.4032,1872936.8064,1172.6239,_PILE
63214,350843.3697,1872936.8064,1173.0880,_MOTOR_PILE
63215,350786.5127,1872936.8064,1172.0423,_PILE
63216,350759.4150,1872936.8064,1171.4221,_PILE
63217,350728.5245,1872936.8064,1170.8490,_PILE
63218,350701.4268,1872936.8064,1170.2372,_PILE
63219,350869.3362,1872936.8064,1173.4469,_PILE
63220,350900.2267,1872936.8064,1173.9579,_PILE
63221,350927.3244,1872936.8064,1174.2610,_PILE
63222,350958.2149,1872936.8064,1174.4550,_PILE
63223,350981.5200,1872936.8064,1174.3810,_END
63224,350678.1216,1872936.8064,1169.7930,_END
63225,350817.4032,1872959.2364,1172.2943,_PILE
63226,350843.3697,1872959.2364,1172.7061,_MOTOR_PILE
63227,350786.5127,1872959.2364,1171.7859,_PILE
63228,350759.4150,1872959.2364,1171.2548,_PILE
63229,350728.5245,1872959.2364,1170.7361,_PILE
63230,350701.4268,1872959.2364,1170.2033,_PILE
63231,350869.3362,1872959.2364,1173.1002,_PILE
63232,350900.2267,1872959.2364,1173.4837,_PILE
63233,350927.3244,1872959.2364,1173.8678,_PILE
63234,350958.2149,1872959.2364,1174.0157,_PILE
63235,350981.5200,1872959.2364,1173.9342,_END
63236,350678.1216,1872959.2364,1169.7833,_END
63237,350817.4032,1872981.6664,1171.8361,_PILE
63238,350843.3697,1872981.6664,1172.2380,_MOTOR_PILE
63239,350786.5127,1872981.6664,1171.4071,_PILE
63240,350759.4150,1872981.6664,1170.9241,_PILE
63241,350728.5245,1872981.6664,1170.3076,_PILE
63242,350701.4268,1872981.6664,1169.7739,_PILE
63243,350869.3362,1872981.6664,1172.4772,_PILE
63244,350900.2267,1872981.6664,1172.9128,_PILE
63245,350927.3244,1872981.6664,1173.0400,_PILE
63246,350958.2149,1872981.6664,1173.1620,_PILE
63247,350981.5200,1872981.6664,1173.3024,_END
63248,350678.1216,1872981.6664,1169.3592,_END
63249,350817.4032,1873004.0964,1171.7663,_PILE
63250,350843.3697,1873004.0964,1172.0631,_MOTOR_PILE
63251,350786.5127,1873004.0964,1171.3769,_PILE
63252,350759.4150,1873004.0964,1170.9368,_PILE
63253,350728.5245,1873004.0964,1170.2071,_PILE
63254,350701.4268,1873004.0964,1169.9698,_PILE
63255,350869.3362,1873004.0964,1172.4150,_PILE
63256,350900.2267,1873004.0964,1172.7100,_PILE
63257,350927.3244,1873004.0964,1172.8967,_PILE
63258,350958.2149,1873004.0964,1172.9009,_PILE
63259,350981.5200,1873004.0964,1172.8149,_END
63260,350678.1216,1873004.0964,1169.5227,_END
63261,350817.4032,1873026.5264,1171.3787,_PILE
63262,350843.3697,1873026.5264,1171.8819,_MOTOR_PILE
63263,350786.5127,1873026.5264,1170.6973,_PILE
63264,350759.4150,1873026.5264,1170.7629,_PILE
63265,350728.5245,1873026.5264,1170.2461,_PILE
63266,350701.4268,1873026.5264,1169.7051,_PILE
63267,350869.3362,1873026.5264,1171.8268,_PILE
63268,350900.2267,1873026.5264,1172.1987,_PILE
63269,350927.3244,1873026.5264,1172.2739,_PILE
63270,350958.2149,1873026.5264,1172.6120,_PILE
63271,350981.5200,1873026.5264,1172.6100,_END
63272,350678.1216,1873026.5264,1169.4251,_END
63273,350817.4032,1873138.6764,1169.6040,_PILE
63274,350843.3697,1873138.6764,1169.5710,_MOTOR_PILE
63275,350786.5127,1873138.6764,1169.4421,_PILE
63276,350759.4150,1873138.6764,1169.3030,_PILE
63277,350728.5245,1873138.6764,1169.0050,_PILE
63278,350701.4268,1873138.6764,1168.7881,_PILE
63279,350869.3362,1873138.6764,1169.7760,_PILE
63280,350900.2267,1873138.6764,1170.0720,_PILE
63281,350927.3244,1873138.6764,1170.2968,_PILE
63282,350958.2149,1873138.6764,1170.4632,_PILE
63283,350981.5200,1873138.6764,1170.5950,_END
63284,350678.1216,1873138.6764,1168.4952,_END
63285,350817.4032,1873161.1064,1169.2521,_PILE
63286,350843.3697,1873161.1064,1169.1602,_MOTOR_PILE
63287,350786.5127,1873161.1064,1169.2440,_PILE
63288,350759.4150,1873161.1064,1169.2109,_PILE
63289,350728.5245,1873161.1064,1169.0200,_PILE
63290,350701.4268,1873161.1064,1168.7449,_PILE
63291,350869.3362,1873161.1064,1169.2953,_PILE
63292,350900.2267,1873161.1064,1169.7402,_PILE
63293,350927.3244,1873161.1064,1169.9892,_PILE
63294,350958.2149,1873161.1064,1170.0737,_PILE
63295,350981.5200,1873161.1064,1170.1908,_END
63296,350678.1216,1873161.1064,1168.5138,_END
63297,350817.4032,1873183.5364,1168.5072,_PILE
63298,350843.3697,1873183.5364,1168.4548,_MOTOR_PILE
63299,350786.5127,1873183.5364,1168.6424,_PILE
63300,350759.4150,1873183.5364,1168.6411,_PILE
63301,350728.5245,1873183.5364,1168.4891,_PILE
63302,350701.4268,1873183.5364,1168.2062,_PILE
63303,350869.3362,1873183.5364,1168.9105,_PILE
63304,350900.2267,1873183.5364,1168.9112,_PILE
63305,350927.3244,1873183.5364,1169.5186,_PILE
63306,350958.2149,1873183.5364,1169.6112,_PILE
63307,350981.5200,1873183.5364,1169.6391,_END
63308,350678.1216,1873183.5364,1168.0203,_END
63309,350817.4032,1873205.9664,1167.9283,_PILE
63310,350843.3697,1873205.9664,1168.1135,_MOTOR_PILE
63311,350786.5127,1873205.9664,1167.9847,_PILE
63312,350759.4150,1873205.9664,1167.9691,_PILE
63313,350728.5245,1873205.9664,1168.0480,_PILE
63314,350701.4268,1873205.9664,1167.9850,_PILE
63315,350869.3362,1873205.9664,1168.2721,_PILE
63316,350900.2267,1873205.9664,1168.7689,_PILE
63317,350927.3244,1873205.9664,1169.0709,_PILE
63318,350958.2149,1873205.9664,1169.1322,_PILE
63319,350981.5200,1873205.9664,1169.0340,_END
63320,350678.1216,1873205.9664,1167.7961,_END
63321,350817.4032,1873228.3964,1166.8438,_PILE
63322,350843.3697,1873228.3964,1167.1864,_MOTOR_PILE
63323,350786.5127,1873228.3964,1166.8668,_PILE
63324,350759.4150,1873228.3964,1167.0363,_PILE
63325,350728.5245,1873228.3964,1167.1938,_PILE
63326,350701.4268,1873228.3964,1167.0939,_PILE
63327,350869.3362,1873228.3964,1167.5518,_PILE
63328,350900.2267,1873228.3964,1167.9638,_PILE
63329,350927.3244,1873228.3964,1168.2041,_PILE
63330,350958.2149,1873228.3964,1168.2418,_PILE
63331,350981.5200,1873228.3964,1168.2110,_END
63332,350678.1216,1873228.3964,1167.0568,_END
63333,350817.4032,1873250.8264,1166.3746,_PILE
63334,350843.3697,1873250.8264,1166.7502,_MOTOR_PILE
63335,350786.5127,1873250.8264,1166.4325,_PILE
63336,350759.4150,1873250.8264,1166.5941,_PILE
63337,350728.5245,1873250.8264,1166.7400,_PILE
63338,350701.4268,1873250.8264,1166.6560,_PILE
63339,350869.3362,1873250.8264,1167.0680,_PILE
63340,350900.2267,1873250.8264,1167.6739,_PILE
63341,350927.3244,1873250.8264,1167.8371,_PILE
63342,350958.2149,1873250.8264,1167.8363,_PILE
63343,350981.5200,1873250.8264,1167.5269,_END
63344,350678.1216,1873250.8264,1166.6231,_END
63345,350817.4032,1873273.2564,1165.5916,_PILE
63346,350843.3697,1873273.2564,1165.9841,_MOTOR_PILE
63347,350786.5127,1873273.2564,1165.6591,_PILE
63348,350759.4150,1873273.2564,1165.7632,_PILE
63349,350728.5245,1873273.2564,1165.9272,_PILE
63350,350701.4268,1873273.2564,1166.0302,_PILE
63351,350869.3362,1873273.2564,1166.4913,_PILE
63352,350900.2267,1873273.2564,1167.0156,_PILE
63353,350927.3244,1873273.2564,1167.2470,_PILE
63354,350958.2149,1873273.2564,1167.2068,_PILE
63355,350981.5200,1873273.2564,1166.9217,_END
63356,350678.1216,1873273.2564,1166.0582,_END
63357,350817.4032,1873295.6864,1164.4087,_PILE
63358,350843.3697,1873295.6864,1165.1385,_MOTOR_PILE
63359,350786.5127,1873295.6864,1164.5758,_PILE
63360,350759.4150,1873295.6864,1164.8336,_PILE
63361,350728.5245,1873295.6864,1164.9222,_PILE
63362,350701.4268,1873295.6864,1165.0199,_PILE
63363,350869.3362,1873295.6864,1165.6000,_PILE
63364,350900.2267,1873295.6864,1166.0757,_PILE
63365,350927.3244,1873295.6864,1166.3045,_PILE
63366,350958.2149,1873295.6864,1166.3358,_PILE
63367,350981.5200,1873295.6864,1166.2369,_END
63368,350678.1216,1873295.6864,1165.0955,_END
63369,350817.4032,1873318.1164,1164.1899,_PILE
63370,350843.3697,1873318.1164,1164.7009,_MOTOR_PILE
63371,350786.5127,1873318.1164,1163.9412,_PILE
63372,350759.4150,1873318.1164,1163.9347,_PILE
63373,350728.5245,1873318.1164,1164.1033,_PILE
63374,350701.4268,1873318.1164,1164.5216,_PILE
63375,350869.3362,1873318.1164,1165.3255,_PILE
63376,350900.2267,1873318.1164,1165.7380,_PILE
63377,350927.3244,1873318.1164,1166.0078,_PILE
63378,350958.2149,1873318.1164,1166.0390,_PILE
63379,350981.5200,1873318.1164,1166.0575,_END
63380,350678.1216,1873318.1164,1164.3003,_END
63381,350817.4032,1873340.5464,1163.5019,_PILE
63382,350843.3697,1873340.5464,1164.0255,_MOTOR_PILE
63383,350786.5127,1873340.5464,1163.2088,_PILE
63384,350759.4150,1873340.5464,1163.0480,_PILE
63385,350728.5245,1873340.5464,1163.2208,_PILE
63386,350701.4268,1873340.5464,1163.7871,_PILE
63387,350869.3362,1873340.5464,1164.6037,_PILE
63388,350900.2267,1873340.5464,1165.3792,_PILE
63389,350927.3244,1873340.5464,1165.6322,_PILE
63390,350958.2149,1873340.5464,1165.5771,_PILE
63391,350981.5200,1873340.5464,1165.3948,_END
63392,350678.1216,1873340.5464,1163.5706,_END
63393,350817.4032,1873362.9764,1162.8142,_PILE
63394,350843.3697,1873362.9764,1163.3092,_MOTOR_PILE
63395,350786.5127,1873362.9764,1162.4022,_PILE
63396,350759.4150,1873362.9764,1162.2624,_PILE
63397,350728.5245,1873362.9764,1162.4744,_PILE
63398,350701.4268,1873362.9764,1162.8531,_PILE
63399,350869.3362,1873362.9764,1164.1986,_PILE
63400,350900.2267,1873362.9764,1164.6854,_PILE
63401,350927.3244,1873362.9764,1164.8518,_PILE
63402,350958.2149,1873362.9764,1164.8741,_PILE
63403,350981.5200,1873362.9764,1164.7705,_END
63404,350678.1216,1873362.9764,1162.7282,_END
63405,350508.0210,1873385.4064,1161.3495,_PILE
63406,350482.0544,1873385.4064,1160.9905,_MOTOR_PILE
63407,350538.9114,1873385.4064,1161.8147,_PILE
63408,350566.0092,1873385.4064,1162.1084,_PILE
63409,350596.8996,1873385.4064,1162.3600,_PILE
63410,350623.9974,1873385.4064,1162.4468,_PILE
63411,350456.0879,1873385.4064,1160.4977,_PILE
63412,350425.1975,1873385.4064,1159.8169,_PILE
63413,350398.0997,1873385.4064,1158.9788,_PILE
63414,350367.2093,1873385.4064,1157.6321,_PILE
63415,350343.9041,1873385.4064,1157.1999,_END
63416,350647.3025,1873385.4064,1162.4159,_END
63417,350508.0210,1873407.8364,1160.5462,_PILE
63418,350482.0544,1873407.8364,1160.0510,_MOTOR_PILE
63419,350538.9114,1873407.8364,1161.0716,_PILE
63420,350566.0092,1873407.8364,1161.2913,_PILE
63421,350596.8996,1873407.8364,1161.4970,_PILE
63422,350623.9974,1873407.8364,1161.6699,_PILE
63423,350456.0879,1873407.8364,1159.6082,_PILE
63424,350425.1975,1873407.8364,1158.9807,_PILE
63425,350398.0997,1873407.8364,1158.1649,_PILE
63426,350367.2093,1873407.8364,1156.8073,_PILE
63427,350343.9041,1873407.8364,1156.1597,_END
63428,350647.3025,1873407.8364,1161.6112,_END
63429,350508.0210,1873430.2664,1160.0732,_PILE
63430,350482.0544,1873430.2664,1159.5754,_MOTOR_PILE
63431,350538.9114,1873430.2664,1160.5508,_PILE
63432,350566.0092,1873430.2664,1160.7940,_PILE
63433,350596.8996,1873430.2664,1160.9794,_PILE
63434,350623.9974,1873430.2664,1161.0653,_PILE
63435,350456.0879,1873430.2664,1159.0205,_PILE
63436,350425.1975,1873430.2664,1158.2689,_PILE
63437,350398.0997,1873430.2664,1157.5500,_PILE
63438,350367.2093,1873430.2664,1156.0856,_PILE
63439,350343.9041,1873430.2664,1155.3475,_END
63440,350647.3025,1873430.2664,1160.9394,_END
63441,350508.0210,1873452.6964,1158.8441,_PILE
63442,350482.0544,1873452.6964,1158.3810,_MOTOR_PILE
63443,350538.9114,1873452.6964,1159.3628,_PILE
63444,350566.0092,1873452.6964,1159.6317,_PILE
63445,350596.8996,1873452.6964,1159.9407,_PILE
63446,350623.9974,1873452.6964,1160.0282,_PILE
63447,350456.0879,1873452.6964,1157.8893,_PILE
63448,350425.1975,1873452.6964,1157.2730,_PILE
63449,350398.0997,1873452.6964,1156.5900,_PILE
63450,350367.2093,1873452.6964,1155.4007,_PILE
63451,350343.9041,1873452.6964,1154.6613,_END
63452,350647.3025,1873452.6964,1159.8624,_END
63453,350508.0210,1873475.1264,1157.8984,_PILE
63454,350482.0544,1873475.1264,1157.4793,_MOTOR_PILE
63455,350538.9114,1873475.1264,1158.4049,_PILE
63456,350566.0092,1873475.1264,1158.7406,_PILE
63457,350596.8996,1873475.1264,1159.1764,_PILE
63458,350623.9974,1873475.1264,1159.3196,_PILE
63459,350456.0879,1873475.1264,1156.9269,_PILE
63460,350425.1975,1873475.1264,1156.3850,_PILE
63461,350398.0997,1873475.1264,1155.7133,_PILE
63462,350367.2093,1873475.1264,1154.7874,_PILE
63463,350343.9041,1873475.1264,1154.0813,_END
63464,350647.3025,1873475.1264,1159.1592,_END
63465,350508.0210,1873497.5564,1157.0528,_PILE
63466,350482.0544,1873497.5564,1156.7061,_MOTOR_PILE
63467,350538.9114,1873497.5564,1157.6235,_PILE
63468,350566.0092,1873497.5564,1158.0811,_PILE
63469,350596.8996,1873497.5564,1158.2879,_PILE
63470,350623.9974,1873497.5564,1158.4102,_PILE
63471,350456.0879,1873497.5564,1156.1572,_PILE
63472,350425.1975,1873497.5564,1155.5185,_PILE
63473,350398.0997,1873497.5564,1154.8709,_PILE
63474,350367.2093,1873497.5564,1154.0537,_PILE
63475,350343.9041,1873497.5564,1153.3973,_END
63476,350647.3025,1873497.5564,1158.3589,_END
63477,350508.0210,1873519.9864,1156.3708,_PILE
63478,350482.0544,1873519.9864,1155.8849,_MOTOR_PILE
63479,350538.9114,1873519.9864,1156.8476,_PILE
63480,350566.0092,1873519.9864,1157.3251,_PILE
63481,350596.8996,1873519.9864,1157.6799,_PILE
63482,350623.9974,1873519.9864,1157.8530,_PILE
63483,350456.0879,1873519.9864,1155.4521,_PILE
63484,350425.1975,1873519.9864,1154.7976,_PILE
63485,350398.0997,1873519.9864,1154.0578,_PILE
63486,350367.2093,1873519.9864,1153.2866,_PILE
63487,350343.9041,1873519.9864,1152.7198,_END
63488,350647.3025,1873519.9864,1157.8741,_END
63489,350508.0210,1873542.4164,1155.9036,_PILE
63490,350482.0544,1873542.4164,1155.4781,_MOTOR_PILE
63491,350538.9114,1873542.4164,1156.3005,_PILE
63492,350566.0092,1873542.4164,1156.6434,_PILE
63493,350596.8996,1873542.4164,1156.9421,_PILE
63494,350623.9974,1873542.4164,1156.8743,_PILE
63495,350456.0879,1873542.4164,1154.9753,_PILE
63496,350425.1975,1873542.4164,1154.1308,_PILE
63497,350398.0997,1873542.4164,1153.5074,_PILE
63498,350367.2093,1873542.4164,1152.7777,_PILE
63499,350343.9041,1873542.4164,1152.1629,_END
63500,350647.3025,1873542.4164,1156.9650,_END
63501,350508.0210,1873564.8464,1154.1664,_PILE
63502,350482.0544,1873564.8464,1153.7630,_MOTOR_PILE
63503,350538.9114,1873564.8464,1154.6298,_PILE
63504,350566.0092,1873564.8464,1155.1362,_PILE
63505,350596.8996,1873564.8464,1155.5317,_PILE
63506,350623.9974,1873564.8464,1155.7331,_PILE
63507,350456.0879,1873564.8464,1153.3797,_PILE
63508,350425.1975,1873564.8464,1152.8949,_PILE
63509,350398.0997,1873564.8464,1152.4993,_PILE
63510,350367.2093,1873564.8464,1151.8576,_PILE
63511,350343.9041,1873564.8464,1151.1643,_END
63512,350647.3025,1873564.8464,1155.7673,_END
63513,350508.0210,1872757.3664,1166.8529,_PILE
63514,350482.0544,1872757.3664,1165.7976,_MOTOR_PILE
63515,350538.9114,1872757.3664,1167.9070,_PILE
63516,350566.0092,1872757.3664,1168.5797,_PILE
63517,350596.8996,1872757.3664,1169.4215,_PILE
63518,350623.9974,1872757.3664,1170.0886,_PILE
63519,350456.0879,1872757.3664,1164.9290,_PILE
63520,350425.1975,1872757.3664,1163.9981,_PILE
63521,350398.0997,1872757.3664,1163.1547,_PILE
63522,350367.2093,1872757.3664,1162.0592,_PILE
63523,350343.9041,1872757.3664,1161.3608,_END
63524,350647.3025,1872757.3664,1170.7059,_END
63525,350508.0210,1872779.7964,1166.6159,_PILE
63526,350482.0544,1872779.7964,1165.8720,_MOTOR_PILE
63527,350538.9114,1872779.7964,1167.6077,_PILE
63528,350566.0092,1872779.7964,1168.2744,_PILE
63529,350596.8996,1872779.7964,1169.0500,_PILE
63530,350623.9974,1872779.7964,1169.7403,_PILE
63531,350456.0879,1872779.7964,1165.1023,_PILE
63532,350425.1975,1872779.7964,1164.2711,_PILE
63533,350398.0997,1872779.7964,1163.5200,_PILE
63534,350367.2093,1872779.7964,1162.4657,_PILE
63535,350343.9041,1872779.7964,1161.8637,_END
63536,350647.3025,1872779.7964,1170.3442,_END
63537,350508.0210,1872802.2264,1166.8756,_PILE
63538,350482.0544,1872802.2264,1166.0169,_MOTOR_PILE
63539,350538.9114,1872802.2264,1167.6244,_PILE
63540,350566.0092,1872802.2264,1168.2040,_PILE
63541,350596.8996,1872802.2264,1168.8838,_PILE
63542,350623.9974,1872802.2264,1169.4713,_PILE
63543,350456.0879,1872802.2264,1165.4428,_PILE
63544,350425.1975,1872802.2264,1164.7687,_PILE
63545,350398.0997,1872802.2264,1163.9420,_PILE
63546,350367.2093,1872802.2264,1163.1681,_PILE
63547,350343.9041,1872802.2264,1162.4766,_END
63548,350647.3025,1872802.2264,1169.9677,_END
63549,350508.0210,1872824.6564,1166.8484,_PILE
63550,350482.0544,1872824.6564,1166.2072,_MOTOR_PILE
63551,350538.9114,1872824.6564,1167.6459,_PILE
63552,350566.0092,1872824.6564,1168.2414,_PILE
63553,350596.8996,1872824.6564,1168.9057,_PILE
63554,350623.9974,1872824.6564,1169.4346,_PILE
63555,350456.0879,1872824.6564,1165.7805,_PILE
63556,350425.1975,1872824.6564,1165.2586,_PILE
63557,350398.0997,1872824.6564,1164.5943,_PILE
63558,350367.2093,1872824.6564,1164.0870,_PILE
63559,350343.9041,1872824.6564,1163.3320,_END
63560,350647.3025,1872824.6564,1169.9637,_END
63561,350508.0210,1872847.0864,1167.1489,_PILE
63562,350482.0544,1872847.0864,1166.5243,_MOTOR_PILE
63563,350538.9114,1872847.0864,1167.8002,_PILE
63564,350566.0092,1872847.0864,1168.3051,_PILE
63565,350596.8996,1872847.0864,1168.9129,_PILE
63566,350623.9974,1872847.0864,1169.5670,_PILE
63567,350456.0879,1872847.0864,1166.1036,_PILE
63568,350425.1975,1872847.0864,1165.6502,_PILE
63569,350398.0997,1872847.0864,1165.0165,_PILE
63570,350367.2093,1872847.0864,1164.3517,_PILE
63571,350343.9041,1872847.0864,1163.8408,_END
63572,350647.3025,1872847.0864,1170.2174,_END
63573,350508.0210,1872869.5164,1166.9850,_PILE
63574,350482.0544,1872869.5164,1166.4148,_MOTOR_PILE
63575,350538.9114,1872869.5164,1167.5470,_PILE
63576,350566.0092,1872869.5164,1168.1268,_PILE
63577,350596.8996,1872869.5164,1168.6701,_PILE
63578,350623.9974,1872869.5164,1169.2118,_PILE
63579,350456.0879,1872869.5164,1166.0852,_PILE
63580,350425.1975,1872869.5164,1165.6312,_PILE
63581,350398.0997,1872869.5164,1165.1577,_PILE
63582,350367.2093,1872869.5164,1164.6070,_PILE
63583,350343.9041,1872869.5164,1164.0169,_END
63584,350647.3025,1872869.5164,1169.7872,_END
63585,350508.0210,1872891.9464,1166.9418,_PILE
63586,350482.0544,1872891.9464,1166.4052,_MOTOR_PILE
63587,350538.9114,1872891.9464,1167.5391,_PILE
63588,350566.0092,1872891.9464,1167.9322,_PILE
63589,350596.8996,1872891.9464,1168.5744,_PILE
63590,350623.9974,1872891.9464,1169.1932,_PILE
63591,350456.0879,1872891.9464,1166.0811,_PILE
63592,350425.1975,1872891.9464,1165.7100,_PILE
63593,350398.0997,1872891.9464,1165.3899,_PILE
63594,350367.2093,1872891.9464,1164.7500,_PILE
63595,350343.9041,1872891.9464,1164.2079,_END
63596,350647.3025,1872891.9464,1169.6764,_END
63597,350508.0210,1872914.3764,1166.6719,_PILE
63598,350482.0544,1872914.3764,1166.3019,_MOTOR_PILE
63599,350538.9114,1872914.3764,1167.2392,_PILE
63600,350566.0092,1872914.3764,1167.7833,_PILE
63601,350596.8996,1872914.3764,1168.3687,_PILE
63602,350623.9974,1872914.3764,1168.9520,_PILE
63603,350456.0879,1872914.3764,1165.9371,_PILE
63604,350425.1975,1872914.3764,1165.5111,_PILE
63605,350398.0997,1872914.3764,1165.1752,_PILE
63606,350367.2093,1872914.3764,1164.8470,_PILE
63607,350343.9041,1872914.3764,1164.2550,_END
63608,350647.3025,1872914.3764,1169.4379,_END
63609,350508.0210,1872936.8064,1166.2019,_PILE
63610,350482.0544,1872936.8064,1165.8928,_MOTOR_PILE
63611,350538.9114,1872936.8064,1166.8643,_PILE
63612,350566.0092,1872936.8064,1167.4009,_PILE
63613,350596.8996,1872936.8064,1167.9251,_PILE
63614,350623.9974,1872936.8064,1168.5300,_PILE
63615,350456.0879,1872936.8064,1165.5710,_PILE
63616,350425.1975,1872936.8064,1165.2701,_PILE
63617,350398.0997,1872936.8064,1164.9350,_PILE
63618,350367.2093,1872936.8064,1164.6002,_PILE
63619,350343.9041,1872936.8064,1164.0110,_END
63620,350647.3025,1872936.8064,1169.0711,_END
63621,350508.0210,1872959.2364,1166.1259,_PILE
63622,350482.0544,1872959.2364,1165.7180,_MOTOR_PILE
63623,350538.9114,1872959.2364,1166.7851,_PILE
63624,350566.0092,1872959.2364,1167.2949,_PILE
63625,350596.8996,1872959.2364,1167.9281,_PILE
63626,350623.9974,1872959.2364,1168.5017,_PILE
63627,350456.0879,1872959.2364,1165.3939,_PILE
63628,350425.1975,1872959.2364,1165.0566,_PILE
63629,350398.0997,1872959.2364,1164.6440,_PILE
63630,350367.2093,1872959.2364,1164.2992,_PILE
63631,350343.9041,1872959.2364,1163.8510,_END
63632,350647.3025,1872959.2364,1169.0448,_END
63633,350508.0210,1872981.6664,1165.8401,_PILE
63634,350482.0544,1872981.6664,1165.3938,_MOTOR_PILE
63635,350538.9114,1872981.6664,1166.4058,_PILE
63636,350566.0092,1872981.6664,1166.8823,_PILE
63637,350596.8996,1872981.6664,1167.5360,_PILE
63638,350623.9974,1872981.6664,1168.0969,_PILE
63639,350456.0879,1872981.6664,1164.9283,_PILE
63640,350425.1975,1872981.6664,1164.6140,_PILE
63641,350398.0997,1872981.6664,1164.1844,_PILE
63642,350367.2093,1872981.6664,1164.0889,_PILE
63643,350343.9041,1872981.6664,1163.6851,_END
63644,350647.3025,1872981.6664,1168.5928,_END
63645,350508.0210,1873004.0964,1165.7279,_PILE
63646,350482.0544,1873004.0964,1165.4527,_MOTOR_PILE
63647,350538.9114,1873004.0964,1166.5189,_PILE
63648,350566.0092,1873004.0964,1167.0301,_PILE
63649,350596.8996,1873004.0964,1167.7740,_PILE
63650,350623.9974,1873004.0964,1168.3692,_PILE
63651,350456.0879,1873004.0964,1164.8950,_PILE
63652,350425.1975,1873004.0964,1164.5108,_PILE
63653,350398.0997,1873004.0964,1164.1312,_PILE
63654,350367.2093,1873004.0964,1163.8449,_PILE
63655,350343.9041,1873004.0964,1163.3811,_END
63656,350647.3025,1873004.0964,1168.8737,_END
63657,350508.0210,1873026.5264,1165.5678,_PILE
63658,350482.0544,1873026.5264,1165.0977,_MOTOR_PILE
63659,350538.9114,1873026.5264,1166.5200,_PILE
63660,350566.0092,1873026.5264,1167.2275,_PILE
63661,350596.8996,1873026.5264,1167.7508,_PILE
63662,350623.9974,1873026.5264,1168.3991,_PILE
63663,350456.0879,1873026.5264,1164.5190,_PILE
63664,350425.1975,1873026.5264,1164.3107,_PILE
63665,350398.0997,1873026.5264,1163.8618,_PILE
63666,350367.2093,1873026.5264,1163.3633,_PILE
63667,350343.9041,1873026.5264,1162.9802,_END
63668,350647.3025,1873026.5264,1168.9419,_END
63669,350508.0210,1873048.9564,1165.8118,_PILE
63670,350482.0544,1873048.9564,1165.1572,_MOTOR_PILE
63671,350538.9114,1873048.9564,1166.5407,_PILE
63672,350566.0092,1873048.9564,1166.9246,_PILE
63673,350596.8996,1873048.9564,1167.8446,_PILE
63674,350623.9974,1873048.9564,1168.4351,_PILE
63675,350456.0879,1873048.9564,1164.7932,_PILE
63676,350425.1975,1873048.9564,1164.1249,_PILE
63677,350398.0997,1873048.9564,1163.6002,_PILE
63678,350367.2093,1873048.9564,1163.0472,_PILE
63679,350343.9041,1873048.9564,1162.6050,_END
63680,350647.3025,1873048.9564,1168.7919,_END
63681,350508.0210,1873071.3864,1165.7631,_PILE
63682,350482.0544,1873071.3864,1165.0948,_MOTOR_PILE
63683,350538.9114,1873071.3864,1166.4439,_PILE
63684,350566.0092,1873071.3864,1166.9943,_PILE
63685,350596.8996,1873071.3864,1167.7071,_PILE
63686,350623.9974,1873071.3864,1168.3810,_PILE
63687,350456.0879,1873071.3864,1164.5500,_PILE
63688,350425.1975,1873071.3864,1164.0668,_PILE
63689,350398.0997,1873071.3864,1163.7119,_PILE
63690,350367.2093,1873071.3864,1162.8368,_PILE
63691,350343.9041,1873071.3864,1162.3060,_END
63692,350647.3025,1873071.3864,1168.7977,_END
63693,350508.0210,1873093.8164,1165.4611,_PILE
63694,350482.0544,1873093.8164,1165.0420,_MOTOR_PILE
63695,350538.9114,1873093.8164,1166.4771,_PILE
63696,350566.0092,1873093.8164,1166.8250,_PILE
63697,350596.8996,1873093.8164,1167.6381,_PILE
63698,350623.9974,1873093.8164,1168.1498,_PILE
63699,350456.0879,1873093.8164,1164.4386,_PILE
63700,350425.1975,1873093.8164,1163.7373,_PILE
63701,350398.0997,1873093.8164,1163.4534,_PILE
63702,350367.2093,1873093.8164,1162.6401,_PILE
63703,350343.9041,1873093.8164,1161.9149,_END
63704,350647.3025,1873093.8164,1168.5478,_END
63705,350508.0210,1873116.2464,1165.3033,_PILE
63706,350482.0544,1873116.2464,1164.7213,_MOTOR_PILE
63707,350538.9114,1873116.2464,1166.1142,_PILE
63708,350566.0092,1873116.2464,1166.6810,_PILE
63709,350596.8996,1873116.2464,1167.2812,_PILE
63710,350623.9974,1873116.2464,1167.8370,_PILE
63711,350456.0879,1873116.2464,1164.2727,_PILE
63712,350425.1975,1873116.2464,1163.7320,_PILE
63713,350398.0997,1873116.2464,1163.0897,_PILE
63714,350367.2093,1873116.2464,1162.1953,_PILE
63715,350343.9041,1873116.2464,1161.5571,_END
63716,350647.3025,1873116.2464,1168.2041,_END
63717,350508.0210,1873138.6764,1165.5057,_PILE
63718,350482.0544,1873138.6764,1164.9480,_MOTOR_PILE
63719,350538.9114,1873138.6764,1166.2338,_PILE
63720,350566.0092,1873138.6764,1166.7877,_PILE
63721,350596.8996,1873138.6764,1167.6768,_PILE
63722,350623.9974,1873138.6764,1167.8282,_PILE
63723,350456.0879,1873138.6764,1164.4600,_PILE
63724,350425.1975,1873138.6764,1163.8477,_PILE
63725,350398.0997,1873138.6764,1163.3013,_PILE
63726,350367.2093,1873138.6764,1162.4211,_PILE
63727,350343.9041,1873138.6764,1161.6143,_END
63728,350647.3025,1873138.6764,1168.1737,_END
63729,350508.0210,1873161.1064,1165.5727,_PILE
63730,350482.0544,1873161.1064,1164.9655,_MOTOR_PILE
63731,350538.9114,1873161.1064,1166.4109,_PILE
63732,350566.0092,1873161.1064,1167.0208,_PILE
63733,350596.8996,1873161.1064,1167.3892,_PILE
63734,350623.9974,1873161.1064,1167.8060,_PILE
63735,350456.0879,1873161.1064,1164.4028,_PILE
63736,350425.1975,1873161.1064,1163.9332,_PILE
63737,350398.0997,1873161.1064,1163.5419,_PILE
63738,350367.2093,1873161.1064,1162.7651,_PILE
63739,350343.9041,1873161.1064,1161.9321,_END
63740,350647.3025,1873161.1064,1168.3479,_END
63741,350508.0210,1873183.5364,1165.3068,_PILE
63742,350482.0544,1873183.5364,1164.8002,_MOTOR_PILE
63743,350538.9114,1873183.5364,1166.1645,_PILE
63744,350566.0092,1873183.5364,1166.6063,_PILE
63745,350596.8996,1873183.5364,1167.1388,_PILE
63746,350623.9974,1873183.5364,1167.6021,_PILE
63747,350456.0879,1873183.5364,1164.3119,_PILE
63748,350425.1975,1873183.5364,1163.6941,_PILE
63749,350398.0997,1873183.5364,1163.1912,_PILE
63750,350367.2093,1873183.5364,1162.5988,_PILE
63751,350343.9041,1873183.5364,1161.9250,_END
63752,350647.3025,1873183.5364,1167.7898,_END
63753,350508.0210,1873205.9664,1165.1622,_PILE
63754,350482.0544,1873205.9664,1164.6012,_MOTOR_PILE
63755,350538.9114,1873205.9664,1166.0200,_PILE
63756,350566.0092,1873205.9664,1166.4727,_PILE
63757,350596.8996,1873205.9664,1166.9155,_PILE
63758,350623.9974,1873205.9664,1167.2937,_PILE
63759,350456.0879,1873205.9664,1164.0405,_PILE
63760,350425.1975,1873205.9664,1163.4908,_PILE
63761,350398.0997,1873205.9664,1162.9119,_PILE
63762,350367.2093,1873205.9664,1162.3089,_PILE
63763,350343.9041,1873205.9664,1161.7163,_END
63764,350647.3025,1873205.9664,1167.5969,_END
63765,350508.0210,1873228.3964,1164.5837,_PILE
63766,350482.0544,1873228.3964,1163.9458,_MOTOR_PILE
63767,350538.9114,1873228.3964,1165.3228,_PILE
63768,350566.0092,1873228.3964,1165.7429,_PILE
63769,350596.8996,1873228.3964,1166.1428,_PILE
63770,350623.9974,1873228.3964,1166.5548,_PILE
63771,350456.0879,1873228.3964,1163.5753,_PILE
63772,350425.1975,1873228.3964,1163.1328,_PILE
63773,350398.0997,1873228.3964,1162.5799,_PILE
63774,350367.2093,1873228.3964,1162.1180,_PILE
63775,350343.9041,1873228.3964,1161.6122,_END
63776,350647.3025,1873228.3964,1166.7969,_END
63777,350508.0210,1873250.8264,1164.2730,_PILE
63778,350482.0544,1873250.8264,1163.7931,_MOTOR_PILE
63779,350538.9114,1873250.8264,1164.9119,_PILE
63780,350566.0092,1873250.8264,1165.3243,_PILE
63781,350596.8996,1873250.8264,1165.8100,_PILE
63782,350623.9974,1873250.8264,1166.1704,_PILE
63783,350456.0879,1873250.8264,1163.2919,_PILE
63784,350425.1975,1873250.8264,1162.8972,_PILE
63785,350398.0997,1873250.8264,1162.3553,_PILE
63786,350367.2093,1873250.8264,1162.0490,_PILE
63787,350343.9041,1873250.8264,1161.3555,_END
63788,350647.3025,1873250.8264,1166.3732,_END
63789,350508.0210,1873273.2564,1163.9719,_PILE
63790,350482.0544,1873273.2564,1163.4339,_MOTOR_PILE
63791,350538.9114,1873273.2564,1164.5062,_PILE
63792,350566.0092,1873273.2564,1164.8362,_PILE
63793,350596.8996,1873273.2564,1165.2664,_PILE
63794,350623.9974,1873273.2564,1165.5783,_PILE
63795,350456.0879,1873273.2564,1162.9357,_PILE
63796,350425.1975,1873273.2564,1162.4252,_PILE
63797,350398.0997,1873273.2564,1161.9911,_PILE
63798,350367.2093,1873273.2564,1161.4968,_PILE
63799,350343.9041,1873273.2564,1161.1362,_END
63800,350647.3025,1873273.2564,1165.9322,_END
63801,350508.0210,1873295.6864,1163.4689,_PILE
63802,350482.0544,1873295.6864,1162.9919,_MOTOR_PILE
63803,350538.9114,1873295.6864,1163.9093,_PILE
63804,350566.0092,1873295.6864,1164.2091,_PILE
63805,350596.8996,1873295.6864,1164.7299,_PILE
63806,350623.9974,1873295.6864,1165.0371,_PILE
63807,350456.0879,1873295.6864,1162.3499,_PILE
63808,350425.1975,1873295.6864,1161.9599,_PILE
63809,350398.0997,1873295.6864,1161.5700,_PILE
63810,350367.2093,1873295.6864,1160.9767,_PILE
63811,350343.9041,1873295.6864,1160.9459,_END
63812,350647.3025,1873295.6864,1165.1155,_END
63813,350508.0210,1873318.1164,1163.0243,_PILE
63814,350482.0544,1873318.1164,1162.5711,_MOTOR_PILE
63815,350538.9114,1873318.1164,1163.5992,_PILE
63816,350566.0092,1873318.1164,1163.9317,_PILE
63817,350596.8996,1873318.1164,1164.2904,_PILE
63818,350623.9974,1873318.1164,1164.5958,_PILE
63819,350456.0879,1873318.1164,1162.0808,_PILE
63820,350425.1975,1873318.1164,1161.6841,_PILE
63821,350398.0997,1873318.1164,1161.0392,_PILE
63822,350367.2093,1873318.1164,1160.3395,_PILE
63823,350343.9041,1873318.1164,1160.1330,_END
63824,350647.3025,1873318.1164,1164.6377,_END
63825,350508.0210,1873340.5464,1162.7030,_PILE
63826,350482.0544,1873340.5464,1162.1822,_MOTOR_PILE
63827,350538.9114,1873340.5464,1163.1690,_PILE
63828,350566.0092,1873340.5464,1163.4340,_PILE
63829,350596.8996,1873340.5464,1163.8506,_PILE
63830,350623.9974,1873340.5464,1164.0050,_PILE
63831,350456.0879,1873340.5464,1161.6594,_PILE
63832,350425.1975,1873340.5464,1161.0648,_PILE
63833,350398.0997,1873340.5464,1160.3556,_PILE
63834,350367.2093,1873340.5464,1159.5616,_PILE
63835,350343.9041,1873340.5464,1159.2092,_END
63836,350647.3025,1873340.5464,1164.0849,_END
63837,350508.0210,1873362.9764,1162.0011,_PILE
63838,350482.0544,1873362.9764,1161.6492,_MOTOR_PILE
63839,350538.9114,1873362.9764,1162.3670,_PILE
63840,350566.0092,1873362.9764,1162.7245,_PILE
63841,350596.8996,1873362.9764,1163.0392,_PILE
63842,350623.9974,1873362.9764,1163.2748,_PILE
63843,350456.0879,1873362.9764,1161.1093,_PILE
63844,350425.1975,1873362.9764,1160.5206,_PILE
63845,350398.0997,1873362.9764,1159.7310,_PILE
63846,350367.2093,1873362.9764,1158.5554,_PILE
63847,350343.9041,1873362.9764,1158.2616,_END
63848,350647.3025,1873362.9764,1163.2690,_END
63849,350817.4032,1872420.9164,1172.3440,_PILE
63850,350843.3697,1872420.9164,1172.7807,_MOTOR_PILE
63851,350786.5127,1872420.9164,1171.6841,_PILE
63852,350759.4150,1872420.9164,1171.2705,_PILE
63853,350728.5245,1872420.9164,1170.5380,_PILE
63854,350701.4268,1872420.9164,1170.0502,_PILE
63855,350869.3362,1872420.9164,1173.4551,_PILE
63856,350900.2267,1872420.9164,1173.9404,_PILE
63857,350927.3244,1872420.9164,1174.4791,_PILE
63858,350958.2149,1872420.9164,1175.0491,_PILE
63859,350981.5200,1872420.9164,1175.3899,_END
63860,350678.1216,1872420.9164,1169.5258,_END
63861,350817.4032,1872443.3464,1173.1340,_PILE
63862,350843.3697,1872443.3464,1173.5058,_MOTOR_PILE
63863,350786.5127,1872443.3464,1172.4440,_PILE
63864,350759.4150,1872443.3464,1171.8302,_PILE
63865,350728.5245,1872443.3464,1171.2344,_PILE
63866,350701.4268,1872443.3464,1170.5232,_PILE
63867,350869.3362,1872443.3464,1174.0588,_PILE
63868,350900.2267,1872443.3464,1174.6788,_PILE
63869,350927.3244,1872443.3464,1175.2085,_PILE
63870,350958.2149,1872443.3464,1175.7558,_PILE
63871,350981.5200,1872443.3464,1176.1432,_END
63872,350678.1216,1872443.3464,1169.7289,_END
63873,350817.4032,1872465.7764,1173.3556,_PILE
63874,350843.3697,1872465.7764,1173.8387,_MOTOR_PILE
63875,350786.5127,1872465.7764,1172.6781,_PILE
63876,350759.4150,1872465.7764,1172.1407,_PILE
63877,350728.5245,1872465.7764,1171.3859,_PILE
63878,350701.4268,1872465.7764,1170.7539,_PILE
63879,350869.3362,1872465.7764,1174.3797,_PILE
63880,350900.2267,1872465.7764,1174.9500,_PILE
63881,350927.3244,1872465.7764,1175.4561,_PILE
63882,350958.2149,1872465.7764,1175.9972,_PILE
63883,350981.5200,1872465.7764,1176.4501,_END
63884,350678.1216,1872465.7764,1170.0953,_END
63885,350817.4032,1872488.2064,1173.6383,_PILE
63886,350843.3697,1872488.2064,1174.1900,_MOTOR_PILE
63887,350786.5127,1872488.2064,1172.9267,_PILE
63888,350759.4150,1872488.2064,1172.3481,_PILE
63889,350728.5245,1872488.2064,1171.7135,_PILE
63890,350701.4268,1872488.2064,1170.8857,_PILE
63891,350869.3362,1872488.2064,1174.6688,_PILE
63892,350900.2267,1872488.2064,1175.3082,_PILE
63893,350927.3244,1872488.2064,1175.7520,_PILE
63894,350958.2149,1872488.2064,1176.3040,_PILE
63895,350981.5200,1872488.2064,1176.6090,_END
63896,350678.1216,1872488.2064,1170.1952,_END
63897,350817.4032,1872510.6364,1174.0062,_PILE
63898,350843.3697,1872510.6364,1174.5319,_MOTOR_PILE
63899,350786.5127,1872510.6364,1173.5084,_PILE
63900,350759.4150,1872510.6364,1172.8730,_PILE
63901,350728.5245,1872510.6364,1172.0340,_PILE
63902,350701.4268,1872510.6364,1171.2760,_PILE
63903,350869.3362,1872510.6364,1175.0719,_PILE
63904,350900.2267,1872510.6364,1175.5261,_PILE
63905,350927.3244,1872510.6364,1176.0178,_PILE
63906,350958.2149,1872510.6364,1176.6452,_PILE
63907,350981.5200,1872510.6364,1176.9677,_END
63908,350678.1216,1872510.6364,1170.6285,_END
63909,350817.4032,1872533.0664,1174.1841,_PILE
63910,350843.3697,1872533.0664,1174.6690,_MOTOR_PILE
63911,350786.5127,1872533.0664,1173.5312,_PILE
63912,350759.4150,1872533.0664,1172.8485,_PILE
63913,350728.5245,1872533.0664,1172.2117,_PILE
63914,350701.4268,1872533.0664,1171.3852,_PILE
63915,350869.3362,1872533.0664,1175.2705,_PILE
63916,350900.2267,1872533.0664,1175.8348,_PILE
63917,350927.3244,1872533.0664,1176.2488,_PILE
63918,350958.2149,1872533.0664,1176.8589,_PILE
63919,350981.5200,1872533.0664,1177.1280,_END
63920,350678.1216,1872533.0664,1170.9259,_END
63921,350817.4032,1872555.4964,1174.1388,_PILE
63922,350843.3697,1872555.4964,1174.6998,_MOTOR_PILE
63923,350786.5127,1872555.4964,1173.5040,_PILE
63924,350759.4150,1872555.4964,1173.0260,_PILE
63925,350728.5245,1872555.4964,1172.1882,_PILE
63926,350701.4268,1872555.4964,1171.4788,_PILE
63927,350869.3362,1872555.4964,1175.2631,_PILE
63928,350900.2267,1872555.4964,1175.8030,_PILE
63929,350927.3244,1872555.4964,1176.2821,_PILE
63930,350958.2149,1872555.4964,1176.8870,_PILE
63931,350981.5200,1872555.4964,1177.2409,_END
63932,350678.1216,1872555.4964,1170.7708,_END
63933,350817.4032,1872577.9264,1174.1061,_PILE
63934,350843.3697,1872577.9264,1174.6809,_MOTOR_PILE
63935,350786.5127,1872577.9264,1173.4440,_PILE
63936,350759.4150,1872577.9264,1172.7223,_PILE
63937,350728.5245,1872577.9264,1172.1653,_PILE
63938,350701.4268,1872577.9264,1171.3515,_PILE
63939,350869.3362,1872577.9264,1175.1504,_PILE
63940,350900.2267,1872577.9264,1175.6954,_PILE
63941,350927.3244,1872577.9264,1176.1774,_PILE
63942,350958.2149,1872577.9264,1176.7242,_PILE
63943,350981.5200,1872577.9264,1177.1330,_END
63944,350678.1216,1872577.9264,1170.8499,_END
63945,350817.4032,1872600.3564,1174.2420,_PILE
63946,350843.3697,1872600.3564,1174.8212,_MOTOR_PILE
63947,350786.5127,1872600.3564,1173.6238,_PILE
63948,350759.4150,1872600.3564,1173.0562,_PILE
63949,350728.5245,1872600.3564,1172.2991,_PILE
63950,350701.4268,1872600.3564,1171.7012,_PILE
63951,350869.3362,1872600.3564,1175.2793,_PILE
63952,350900.2267,1872600.3564,1175.9137,_PILE
63953,350927.3244,1872600.3564,1176.4128,_PILE
63954,350958.2149,1872600.3564,1176.8853,_PILE
63955,350981.5200,1872600.3564,1177.1848,_END
63956,350678.1216,1872600.3564,1170.8966,_END
63957,350817.4032,1872622.7864,1174.6132,_PILE
63958,350843.3697,1872622.7864,1175.1953,_MOTOR_PILE
63959,350786.5127,1872622.7864,1173.9799,_PILE
63960,350759.4150,1872622.7864,1173.2655,_PILE
63961,350728.5245,1872622.7864,1172.5223,_PILE
63962,350701.4268,1872622.7864,1171.8239,_PILE
63963,350869.3362,1872622.7864,1175.6511,_PILE
63964,350900.2267,1872622.7864,1176.2818,_PILE
63965,350927.3244,1872622.7864,1176.5953,_PILE
63966,350958.2149,1872622.7864,1177.0759,_PILE
63967,350981.5200,1872622.7864,1177.3879,_END
63968,350678.1216,1872622.7864,1171.2006,_END
63969,350817.4032,1872645.2164,1174.5211,_PILE
63970,350843.3697,1872645.2164,1175.1433,_MOTOR_PILE
63971,350786.5127,1872645.2164,1173.9494,_PILE
63972,350759.4150,1872645.2164,1173.2897,_PILE
63973,350728.5245,1872645.2164,1172.5726,_PILE
63974,350701.4268,1872645.2164,1171.9719,_PILE
63975,350869.3362,1872645.2164,1175.6232,_PILE
63976,350900.2267,1872645.2164,1176.1400,_PILE
63977,350927.3244,1872645.2164,1176.6030,_PILE
63978,350958.2149,1872645.2164,1176.9992,_PILE
63979,350981.5200,1872645.2164,1177.6309,_END
63980,350678.1216,1872645.2164,1171.6187,_END
63981,350817.4032,1872667.6464,1174.5949,_PILE
63982,350843.3697,1872667.6464,1175.1819,_MOTOR_PILE
63983,350786.5127,1872667.6464,1174.0120,_PILE
63984,350759.4150,1872667.6464,1173.3402,_PILE
63985,350728.5245,1872667.6464,1172.6608,_PILE
63986,350701.4268,1872667.6464,1171.9442,_PILE
63987,350869.3362,1872667.6464,1175.5909,_PILE
63988,350900.2267,1872667.6464,1176.2268,_PILE
63989,350927.3244,1872667.6464,1176.6569,_PILE
63990,350958.2149,1872667.6464,1176.9901,_PILE
63991,350981.5200,1872667.6464,1177.2020,_END
63992,350678.1216,1872667.6464,1171.3899,_END
63993,350817.4032,1872690.0764,1174.3469,_PILE
63994,350843.3697,1872690.0764,1174.9636,_MOTOR_PILE
63995,350786.5127,1872690.0764,1173.7043,_PILE
63996,350759.4150,1872690.0764,1173.0935,_PILE
63997,350728.5245,1872690.0764,1172.4253,_PILE
63998,350701.4268,1872690.0764,1171.8484,_PILE
63999,350869.3362,1872690.0764,1175.4911,_PILE
64000,350900.2267,1872690.0764,1176.0508,_PILE
64001,350927.3244,1872690.0764,1176.4419,_PILE
64002,350958.2149,1872690.0764,1176.8410,_PILE
64003,350981.5200,1872690.0764,1177.0669,_END
64004,350678.1216,1872690.0764,1171.3196,_END
64005,350817.4032,1872712.5064,1174.2530,_PILE
64006,350843.3697,1872712.5064,1174.8832,_MOTOR_PILE
64007,350786.5127,1872712.5064,1173.6417,_PILE
64008,350759.4150,1872712.5064,1172.9748,_PILE
64009,350728.5245,1872712.5064,1172.3557,_PILE
64010,350701.4268,1872712.5064,1171.7579,_PILE
64011,350869.3362,1872712.5064,1175.4657,_PILE
64012,350900.2267,1872712.5064,1176.0281,_PILE
64013,350927.3244,1872712.5064,1176.4787,_PILE
64014,350958.2149,1872712.5064,1176.7788,_PILE
64015,350981.5200,1872712.5064,1176.9360,_END
64016,350678.1216,1872712.5064,1171.2574,_END
64017,350817.4032,1872734.9364,1174.3544,_PILE
64018,350843.3697,1872734.9364,1174.8772,_MOTOR_PILE
64019,350786.5127,1872734.9364,1173.6689,_PILE
64020,350759.4150,1872734.9364,1173.1189,_PILE
64021,350728.5245,1872734.9364,1172.3424,_PILE
64022,350701.4268,1872734.9364,1171.7055,_PILE
64023,350869.3362,1872734.9364,1175.4090,_PILE
64024,350900.2267,1872734.9364,1176.0257,_PILE
64025,350927.3244,1872734.9364,1176.5111,_PILE
64026,350958.2149,1872734.9364,1176.8481,_PILE
64027,350981.5200,1872734.9364,1177.1130,_END
64028,350678.1216,1872734.9364,1171.1781,_END
64029,350508.0210,1872420.9164,1165.3536,_PILE
64030,350482.0544,1872420.9164,1164.3566,_MOTOR_PILE
64031,350538.9114,1872420.9164,1165.8921,_PILE
64032,350566.0092,1872420.9164,1166.6241,_PILE
64033,350596.8996,1872420.9164,1167.2903,_PILE
64034,350623.9974,1872420.9164,1167.9151,_PILE
64035,350456.0879,1872420.9164,1163.4856,_PILE
64036,350425.1975,1872420.9164,1162.4837,_PILE
64037,350398.0997,1872420.9164,1161.7425,_PILE
64038,350367.2093,1872420.9164,1160.5649,_PILE
64039,350343.9041,1872420.9164,1159.5832,_END
64040,350647.3025,1872420.9164,1168.6205,_END
64041,350508.0210,1872443.3464,1165.2132,_PILE
64042,350482.0544,1872443.3464,1164.4434,_MOTOR_PILE
64043,350538.9114,1872443.3464,1166.1845,_PILE
64044,350566.0092,1872443.3464,1166.9950,_PILE
64045,350596.8996,1872443.3464,1167.6870,_PILE
64046,350623.9974,1872443.3464,1168.3513,_PILE
64047,350456.0879,1872443.3464,1163.6376,_PILE
64048,350425.1975,1872443.3464,1162.7868,_PILE
64049,350398.0997,1872443.3464,1161.9136,_PILE
64050,350367.2093,1872443.3464,1160.9922,_PILE
64051,350343.9041,1872443.3464,1159.8722,_END
64052,350647.3025,1872443.3464,1168.8047,_END
64053,350508.0210,1872465.7764,1165.4644,_PILE
64054,350482.0544,1872465.7764,1164.5062,_MOTOR_PILE
64055,350538.9114,1872465.7764,1166.2919,_PILE
64056,350566.0092,1872465.7764,1167.2066,_PILE
64057,350596.8996,1872465.7764,1167.9019,_PILE
64058,350623.9974,1872465.7764,1168.6232,_PILE
64059,350456.0879,1872465.7764,1163.6404,_PILE
64060,350425.1975,1872465.7764,1162.6516,_PILE
64061,350398.0997,1872465.7764,1161.8703,_PILE
64062,350367.2093,1872465.7764,1160.8615,_PILE
64063,350343.9041,1872465.7764,1159.8638,_END
64064,350647.3025,1872465.7764,1169.1818,_END
64065,350508.0210,1872488.2064,1165.4313,_PILE
64066,350482.0544,1872488.2064,1164.6557,_MOTOR_PILE
64067,350538.9114,1872488.2064,1166.3011,_PILE
64068,350566.0092,1872488.2064,1167.0832,_PILE
64069,350596.8996,1872488.2064,1168.0344,_PILE
64070,350623.9974,1872488.2064,1168.7160,_PILE
64071,350456.0879,1872488.2064,1164.0165,_PILE
64072,350425.1975,1872488.2064,1163.0988,_PILE
64073,350398.0997,1872488.2064,1162.1438,_PILE
64074,350367.2093,1872488.2064,1161.1994,_PILE
64075,350343.9041,1872488.2064,1160.1429,_END
64076,350647.3025,1872488.2064,1169.2991,_END
64077,350508.0210,1872510.6364,1166.0494,_PILE
64078,350482.0544,1872510.6364,1165.1617,_MOTOR_PILE
64079,350538.9114,1872510.6364,1167.0159,_PILE
64080,350566.0092,1872510.6364,1167.8282,_PILE
64081,350596.8996,1872510.6364,1168.5501,_PILE
64082,350623.9974,1872510.6364,1169.1429,_PILE
64083,350456.0879,1872510.6364,1164.4150,_PILE
64084,350425.1975,1872510.6364,1163.2503,_PILE
64085,350398.0997,1872510.6364,1162.3029,_PILE
64086,350367.2093,1872510.6364,1161.4643,_PILE
64087,350343.9041,1872510.6364,1160.1070,_END
64088,350647.3025,1872510.6364,1169.7322,_END
64089,350508.0210,1872533.0664,1166.2017,_PILE
64090,350482.0544,1872533.0664,1165.2430,_MOTOR_PILE
64091,350538.9114,1872533.0664,1167.0026,_PILE
64092,350566.0092,1872533.0664,1167.9083,_PILE
64093,350596.8996,1872533.0664,1168.8249,_PILE
64094,350623.9974,1872533.0664,1169.3556,_PILE
64095,350456.0879,1872533.0664,1164.4240,_PILE
64096,350425.1975,1872533.0664,1163.4433,_PILE
64097,350398.0997,1872533.0664,1162.4367,_PILE
64098,350367.2093,1872533.0664,1161.3549,_PILE
64099,350343.9041,1872533.0664,1160.1260,_END
64100,350647.3025,1872533.0664,1169.9494,_END
64101,350508.0210,1872555.4964,1166.1343,_PILE
64102,350482.0544,1872555.4964,1165.3092,_MOTOR_PILE
64103,350538.9114,1872555.4964,1167.1674,_PILE
64104,350566.0092,1872555.4964,1167.9741,_PILE
64105,350596.8996,1872555.4964,1168.7555,_PILE
64106,350623.9974,1872555.4964,1169.3011,_PILE
64107,350456.0879,1872555.4964,1164.4206,_PILE
64108,350425.1975,1872555.4964,1163.3852,_PILE
64109,350398.0997,1872555.4964,1162.3124,_PILE
64110,350367.2093,1872555.4964,1161.3684,_PILE
64111,350343.9041,1872555.4964,1160.1450,_END
64112,350647.3025,1872555.4964,1169.9939,_END
64113,350508.0210,1872577.9264,1166.0004,_PILE
64114,350482.0544,1872577.9264,1165.1487,_MOTOR_PILE
64115,350538.9114,1872577.9264,1167.1891,_PILE
64116,350566.0092,1872577.9264,1167.9973,_PILE
64117,350596.8996,1872577.9264,1168.7611,_PILE
64118,350623.9974,1872577.9264,1169.4748,_PILE
64119,350456.0879,1872577.9264,1164.2028,_PILE
64120,350425.1975,1872577.9264,1163.2746,_PILE
64121,350398.0997,1872577.9264,1162.2722,_PILE
64122,350367.2093,1872577.9264,1160.9082,_PILE
64123,350343.9041,1872577.9264,1159.9161,_END
64124,350647.3025,1872577.9264,1170.1065,_END
64125,350508.0210,1872600.3564,1166.0486,_PILE
64126,350482.0544,1872600.3564,1165.3092,_MOTOR_PILE
64127,350538.9114,1872600.3564,1167.2195,_PILE
64128,350566.0092,1872600.3564,1167.9550,_PILE
64129,350596.8996,1872600.3564,1168.8543,_PILE
64130,350623.9974,1872600.3564,1169.4900,_PILE
64131,350456.0879,1872600.3564,1164.4259,_PILE
64132,350425.1975,1872600.3564,1163.5138,_PILE
64133,350398.0997,1872600.3564,1162.4608,_PILE
64134,350367.2093,1872600.3564,1161.2733,_PILE
64135,350343.9041,1872600.3564,1160.0886,_END
64136,350647.3025,1872600.3564,1170.0398,_END
64137,350508.0210,1872622.7864,1166.1640,_PILE
64138,350482.0544,1872622.7864,1165.2143,_MOTOR_PILE
64139,350538.9114,1872622.7864,1167.4091,_PILE
64140,350566.0092,1872622.7864,1168.2146,_PILE
64141,350596.8996,1872622.7864,1169.0623,_PILE
64142,350623.9974,1872622.7864,1169.7058,_PILE
64143,350456.0879,1872622.7864,1164.3946,_PILE
64144,350425.1975,1872622.7864,1163.4704,_PILE
64145,350398.0997,1872622.7864,1162.5128,_PILE
64146,350367.2093,1872622.7864,1161.2113,_PILE
64147,350343.9041,1872622.7864,1160.0240,_END
64148,350647.3025,1872622.7864,1170.3372,_END
64149,350508.0210,1872645.2164,1166.6148,_PILE
64150,350482.0544,1872645.2164,1165.5813,_MOTOR_PILE
64151,350538.9114,1872645.2164,1167.7359,_PILE
64152,350566.0092,1872645.2164,1168.5539,_PILE
64153,350596.8996,1872645.2164,1169.3802,_PILE
64154,350623.9974,1872645.2164,1170.0993,_PILE
64155,350456.0879,1872645.2164,1164.6154,_PILE
64156,350425.1975,1872645.2164,1163.4427,_PILE
64157,350398.0997,1872645.2164,1162.4266,_PILE
64158,350367.2093,1872645.2164,1161.1440,_PILE
64159,350343.9041,1872645.2164,1159.9738,_END
64160,350647.3025,1872645.2164,1170.7915,_END
64161,350508.0210,1872667.6464,1166.5372,_PILE
64162,350482.0544,1872667.6464,1165.5861,_MOTOR_PILE
64163,350538.9114,1872667.6464,1167.7671,_PILE
64164,350566.0092,1872667.6464,1168.5240,_PILE
64165,350596.8996,1872667.6464,1169.3094,_PILE
64166,350623.9974,1872667.6464,1169.9590,_PILE
64167,350456.0879,1872667.6464,1164.7534,_PILE
64168,350425.1975,1872667.6464,1163.6060,_PILE
64169,350398.0997,1872667.6464,1162.6036,_PILE
64170,350367.2093,1872667.6464,1161.3381,_PILE
64171,350343.9041,1872667.6464,1160.2341,_END
64172,350647.3025,1872667.6464,1170.5833,_END
64173,350508.0210,1872690.0764,1166.4728,_PILE
64174,350482.0544,1872690.0764,1165.6614,_MOTOR_PILE
64175,350538.9114,1872690.0764,1167.6423,_PILE
64176,350566.0092,1872690.0764,1168.4709,_PILE
64177,350596.8996,1872690.0764,1169.1382,_PILE
64178,350623.9974,1872690.0764,1169.8791,_PILE
64179,350456.0879,1872690.0764,1164.8500,_PILE
64180,350425.1975,1872690.0764,1163.7678,_PILE
64181,350398.0997,1872690.0764,1162.7386,_PILE
64182,350367.2093,1872690.0764,1161.4666,_PILE
64183,350343.9041,1872690.0764,1160.4041,_END
64184,350647.3025,1872690.0764,1170.4750,_END
64185,350508.0210,1872712.5064,1166.7731,_PILE
64186,350482.0544,1872712.5064,1165.6577,_MOTOR_PILE
64187,350538.9114,1872712.5064,1167.7678,_PILE
64188,350566.0092,1872712.5064,1168.3770,_PILE
64189,350596.8996,1872712.5064,1169.0149,_PILE
64190,350623.9974,1872712.5064,1169.7102,_PILE
64191,350456.0879,1872712.5064,1164.8922,_PILE
64192,350425.1975,1872712.5064,1163.8298,_PILE
64193,350398.0997,1872712.5064,1162.9711,_PILE
64194,350367.2093,1872712.5064,1161.8142,_PILE
64195,350343.9041,1872712.5064,1160.8987,_END
64196,350647.3025,1872712.5064,1170.4571,_END
64197,350508.0210,1872734.9364,1166.5521,_PILE
64198,350482.0544,1872734.9364,1165.6586,_MOTOR_PILE
64199,350538.9114,1872734.9364,1167.6379,_PILE
64200,350566.0092,1872734.9364,1168.3972,_PILE
64201,350596.8996,1872734.9364,1169.2321,_PILE
64202,350623.9974,1872734.9364,1169.7348,_PILE
64203,350456.0879,1872734.9364,1164.8625,_PILE
64204,350425.1975,1872734.9364,1163.9155,_PILE
64205,350398.0997,1872734.9364,1163.0339,_PILE
64206,350367.2093,1872734.9364,1161.9870,_PILE
64207,350343.9041,1872734.9364,1161.0433,_END
64208,350647.3025,1872734.9364,1170.4223,_END
64209,350817.4032,1873587.2764,1155.1003,_PILE
64210,350843.3697,1873587.2764,1155.6450,_MOTOR_PILE
64211,350786.5127,1873587.2764,1154.3510,_PILE
64212,350759.4150,1873587.2764,1153.7819,_PILE
64213,350728.5245,1873587.2764,1153.2892,_PILE
64214,350701.4268,1873587.2764,1153.5393,_PILE
64215,350869.3362,1873587.2764,1155.8789,_PILE
64216,350900.2267,1873587.2764,1155.8180,_PILE
64217,350927.3244,1873587.2764,1155.5978,_PILE
64218,350958.2149,1873587.2764,1155.0870,_PILE
64219,350981.5200,1873587.2764,1155.0460,_END
64220,350678.1216,1873587.2764,1153.6540,_END
64221,350508.0210,1873587.2764,1152.1602,_PILE
64222,350482.0544,1873587.2764,1151.8972,_MOTOR_PILE
64223,350538.9114,1873587.2764,1152.7012,_PILE
64224,350566.0092,1873587.2764,1153.1023,_PILE
64225,350596.8996,1873587.2764,1153.7050,_PILE
64226,350623.9974,1873587.2764,1154.0059,_PILE
64227,350456.0879,1873587.2764,1151.5440,_PILE
64228,350425.1975,1873587.2764,1151.2438,_PILE
64229,350398.0997,1873587.2764,1150.8263,_PILE
64230,350367.2093,1873587.2764,1150.3631,_PILE
64231,350343.9041,1873587.2764,1149.8073,_END
64232,350647.3025,1873587.2764,1154.0005,_END
64233,350817.4032,1872398.4864,1172.1237,_PILE
64234,350843.3697,1872398.4864,1172.5134,_MOTOR_PILE
64235,350786.5127,1872398.4864,1171.5054,_PILE
64236,350759.4150,1872398.4864,1170.9566,_PILE
64237,350728.5245,1872398.4864,1170.3969,_PILE
64238,350701.4268,1872398.4864,1169.8330,_PILE
64239,350869.3362,1872398.4864,1172.9371,_PILE
64240,350900.2267,1872398.4864,1173.5878,_PILE
64241,350927.3244,1872398.4864,1174.1011,_PILE
64242,350958.2149,1872398.4864,1174.6469,_PILE
64243,350981.5200,1872398.4864,1175.0593,_END
64244,350678.1216,1872398.4864,1169.1364,_END
64245,350508.0210,1872398.4864,1165.1632,_PILE
64246,350482.0544,1872398.4864,1164.1646,_MOTOR_PILE
64247,350538.9114,1872398.4864,1165.8762,_PILE
64248,350566.0092,1872398.4864,1166.5827,_PILE
64249,350596.8996,1872398.4864,1167.3917,_PILE
64250,350623.9974,1872398.4864,1167.9519,_PILE
64251,350456.0879,1872398.4864,1163.2801,_PILE
64252,350425.1975,1872398.4864,1162.2169,_PILE
64253,350398.0997,1872398.4864,1161.5128,_PILE
64254,350367.2093,1872398.4864,1160.4061,_PILE
64255,350343.9041,1872398.4864,1159.2546,_END
64256,350647.3025,1872398.4864,1168.3722,_END
